England,Smith,632854
England,Jones,380441
England,Taylor,293387
England,Brown,283796
England,Williams,271532
England,Wilson,195974
England,Johnson,191454
England,Davies,175818
England,Patel,166747
England,Robinson,161345
England,Wright,159044
England,Thompson,157859
England,Evans,154661
England,Walker,151806
England,White,149521
England,Roberts,145964
England,Green,143420
England,Hall,141455
England,Thomas,138978
England,Clarke,135417
England,Jackson,134658
England,Wood,132216
England,Harris,131638
England,Edwards,128848
England,Turner,127933
England,Martin,123987
England,Cooper,122070
England,Hill,118613
England,Ward,116268
England,Hughes,116131
England,Moore,115697
England,Clark,114204
England,King,112569
England,Harrison,111247
England,Lewis,110925
England,Baker,110252
England,Lee,106730
England,Allen,105396
England,Morris,104537
England,Khan,102864
England,Scott,102407
England,Watson,98554
England,Davis,96234
England,Parker,95779
England,James,90940
England,Bennett,90598
England,Young,88507
England,Phillips,87697
England,Richardson,87340
England,Mitchell,87050
England,Bailey,86818
England,Carter,86529
England,Cook,85580
England,Singh,84844
England,Shaw,84746
England,Bell,84249
England,Collins,82788
England,Morgan,82192
England,Kelly,79647
England,Begum,78903
England,Miller,78741
England,Cox,77655
England,Hussain,77516
England,Marshall,76794
England,Simpson,76078
England,Price,75759
England,Anderson,75303
England,Adams,73742
England,Wilkinson,73591
England,Ali,72981
England,Ahmed,72373
England,Foster,71523
England,Ellis,71226
England,Murphy,71218
England,Chapman,70611
England,Mason,67755
England,Gray,67649
England,Richards,66435
England,Webb,65838
England,Griffiths,65780
England,Hunt,64659
England,Palmer,63671
England,Campbell,63135
England,Holmes,62849
England,Mills,62253
England,Rogers,62214
England,Barnes,61288
England,Knight,61179
England,Matthews,60659
England,Barker,60260
England,Powell,60254
England,Stevens,58997
England,Kaur,58790
England,Fisher,58603
England,Butler,58594
England,Dixon,58505
England,Russell,58176
England,Harvey,57446
England,Pearson,56955
England,Graham,56009
England,Fletcher,54641
England,Murray,54511
England,Howard,54182
England,Shah,53404
England,Gibson,52612
England,Gill,51890
England,Fox,51804
England,Stewart,51750
England,Elliott,51062
England,Lloyd,50725
England,Andrews,50451
England,Ford,49560
England,Owen,49409
England,West,49350
England,Saunders,49188
England,Reynolds,49161
England,Day,49151
England,Walsh,48905
England,Brooks,48657
England,Atkinson,48655
England,Payne,48475
England,Cole,48258
England,Bradley,47750
England,Spencer,47727
England,Pearce,47711
England,Burton,46892
England,Lawrence,46860
England,Dawson,46585
England,Ball,45829
England,Rose,45384
England,Booth,43670
England,Grant,42845
England,Wells,42669
England,Watts,42589
England,Hudson,42565
England,Hart,42423
England,Armstrong,42276
England,Perry,41936
England,Newman,41614
England,Jenkins,41419
England,Hunter,41037
England,Webster,40629
England,Lowe,40142
England,Francis,39682
England,Page,39589
England,Hayes,39567
England,Carr,39481
England,Marsh,39413
England,Stone,39318
England,Riley,39233
England,Woods,39145
England,Gregory,39081
England,Barrett,39057
England,Berry,39029
England,Dunn,38960
England,Newton,38711
England,Holland,38133
England,Porter,37837
England,Oliver,37451
England,Ryan,37449
England,Reid,37236
England,Williamson,37013
England,Parsons,36803
England,O'Brien,36684
England,Bird,36661
England,Robertson,36577
England,Reed,36564
England,Bates,36543
England,Dean,36444
England,Walton,36433
England,Hawkins,36429
England,Cooke,36420
England,Harding,36293
England,Ross,36081
England,Henderson,35698
England,Kennedy,35633
England,Gardner,35465
England,Lane,35279
England,Burns,34808
England,Bishop,34776
England,Burgess,34769
England,Shepherd,34769
England,Nicholson,34614
England,Freeman,34578
England,Cross,34208
England,Hamilton,33964
England,Hodgson,33827
England,Warren,33815
England,Sutton,33511
England,Harper,33240
England,Yates,33224
England,Nicholls,33074
England,Robson,33047
England,Chambers,33023
England,Hardy,32817
England,Curtis,32815
England,Moss,32761
England,Long,32686
England,Akhtar,32405
England,Coleman,32376
England,McDonald,31859
England,Sharp,31818
England,Potter,31572
England,Jordan,31218
England,George,31185
England,Osborne,31181
England,Gilbert,31108
England,May,31085
England,Hammond,31018
England,Gordon,30897
England,Stevenson,30804
England,Hutchinson,30773
England,Wheeler,30585
England,Wallace,30362
England,Rowe,30358
England,Willis,30353
England,Read,30146
England,Johnston,30073
England,Mann,30038
England,Stephenson,29999
England,Miles,29883
England,Barber,29865
England,Arnold,29842
England,Byrne,29818
England,Griffin,29532
England,Slater,29508
England,Nelson,29425
England,Frost,29262
England,Austin,29167
England,Hewitt,28949
England,Buckley,28563
England,Baxter,28539
England,McCarthy,28374
England,Whitehead,28323
England,Higgins,28168
England,O'Connor,28065
England,Lambert,28044
England,Hopkins,27958
England,Barton,27895
England,Greenwood,27845
England,Burke,27749
England,Blake,27609
England,Clayton,27586
England,O'Neill,27503
England,Goodwin,27317
England,Doyle,27222
England,Woodward,27150
England,Bond,27116
England,Kemp,27042
England,Holt,26906
England,Thomson,26823
England,Nash,26819
England,Banks,26531
England,Lawson,26444
England,Miah,26416
England,Davidson,26410
England,Middleton,26402
England,Cunningham,26354
England,Barnett,26285
England,Jennings,26087
England,Heath,26071
England,Walters,25901
England,Poole,25752
England,French,25534
England,Parry,25474
England,Bibi,25405
England,Fowler,25327
England,Watkins,25305
England,Jarvis,25259
England,Lynch,25152
England,Quinn,25074
England,Sullivan,25074
England,Stanley,25014
England,Norman,24968
England,Stephens,24954
England,Hartley,24929
England,Rahman,24898
England,Alexander,24882
England,Lucas,24773
England,Morton,24678
England,Peters,24604
England,Knowles,24541
England,Dickinson,24516
England,Douglas,24453
England,Field,24453
England,Morrison,24419
England,Preston,24374
England,Stokes,24351
England,Simmons,24345
England,Black,24291
England,Gallagher,24288
England,Barlow,24194
England,Briggs,24183
England,Gibbs,24137
England,Todd,24129
England,Tucker,24106
England,Townsend,23953
England,Ferguson,23943
England,Parkinson,23670
England,Burrows,23566
England,Thornton,23565
England,Hayward,23399
England,Pritchard,23398
England,Rhodes,23366
England,Thorpe,23363
England,Fuller,23359
England,Holden,23325
England,Baldwin,23323
England,Reeves,23220
England,Lamb,22961
England,Norris,22900
England,Sanders,22866
England,Tomlinson,22837
England,MacDonald,22811
England,Hancock,22738
England,Kent,22680
England,Dale,22610
England,Ashton,22582
England,Howe,22382
England,Abbott,22379
England,Davison,22379
England,Glover,22322
England,Kirby,22162
England,Carroll,22154
England,Weston,22091
England,Kay,21995
England,Kirk,21951
England,Whittaker,21942
England,Birch,21890
England,Morley,21811
England,Mistry,21677
England,Daniels,21611
England,Goddard,21607
England,Bryant,21569
England,Dobson,21565
England,Savage,21558
England,Davey,21538
England,Perkins,21527
England,Warner,21469
England,Skinner,21379
England,Bartlett,21354
England,Brookes,21315
England,Cartwright,21229
England,Iqbal,21113
England,Archer,21068
England,Fraser,21052
England,Sanderson,21024
England,Bradshaw,21000
England,Atkins,20957
England,Smart,20887
England,Bull,20777
England,Rees,20771
England,Bentley,20759
England,Patterson,20692
England,Bolton,20622
England,Haynes,20616
England,Wilkins,20534
England,Mahmood,20517
England,Law,20477
England,Little,20476
England,Wade,20453
England,Malik,20429
England,Howell,20399
England,Schofield,20305
England,Sharma,20224
England,Dodd,20142
England,Houghton,20083
England,Butcher,20033
England,Crawford,20027
England,Hicks,19945
England,Henry,19932
England,Wall,19866
England,Short,19788
England,Giles,19782
England,Duncan,19780
England,Coates,19774
England,Manning,19766
England,Noble,19746
England,Clements,19714
England,Duffy,19670
England,Sykes,19606
England,Gould,19505
England,Brennan,19485
England,Farrell,19436
England,Vaughan,19337
England,Waters,19296
England,Sheppard,19190
England,Gibbons,19118
England,Finch,19014
England,Winter,18842
England,Naylor,18833
England,Franklin,18740
England,Flynn,18619
England,Garner,18611
England,Steele,18501
England,Dyer,18468
England,Marsden,18437
England,Hooper,18305
England,Vincent,18297
England,Mohammed,18250
England,Joyce,18221
England,Horton,18205
England,Sharpe,18178
England,Hobbs,18168
England,Pickering,18143
England,Humphreys,18116
England,Dennis,18055
England,Kerr,18031
England,Fleming,18008
England,Hurst,17985
England,Coles,17909
England,Leach,17903
England,Pratt,17861
England,Randall,17842
England,Moran,17836
England,Howarth,17806
England,Connolly,17774
England,Peacock,17764
England,Sinclair,17755
England,Herbert,17700
England,Swift,17690
England,Carpenter,17665
England,Chandler,17657
England,Chadwick,17452
England,Blackburn,17375
England,Pollard,17332
England,Norton,17191
England,Hale,17142
England,Browne,17086
England,Pugh,17028
England,Hilton,16994
England,Welch,16989
England,Faulkner,16986
England,Parkin,16978
England,Hanson,16932
England,Kumar,16870
England,Lyons,16831
England,Cameron,16818
England,Turnbull,16818
England,Collier,16656
England,Allan,16641
England,Bryan,16637
England,Benson,16609
England,Doherty,16605
England,Charlton,16601
England,Wallis,16585
England,Chamberlain,16524
England,Myers,16513
England,Tyler,16482
England,Conway,16477
England,Nixon,16383
England,Paul,16325
England,Metcalfe,16298
England,Whitehouse,16297
England,O'Sullivan,16287
England,Gardiner,16265
England,Lord,16260
England,Joseph,16256
England,Jacobs,16254
England,Rice,16237
England,Rowley,16219
England,Bowen,16212
England,North,16190
England,FitzGerald,16147
England,Godfrey,16140
England,Holloway,16089
England,Bray,16069
England,Hope,16060
England,Talbot,16055
England,Gough,16041
England,Connor,16009
England,Hyde,15993
England,Farmer,15989
England,Storey,15939
England,Potts,15931
England,Nolan,15910
England,Bruce,15878
England,John,15845
England,Butt,15797
England,Donnelly,15789
England,McKenzie,15733
England,Hargreaves,15711
England,Brady,15652
England,Parkes,15645
England,Hassan,15632
England,Forster,15513
England,Pope,15504
England,Eaton,15398
England,Sims,15353
England,Rowland,15326
England,Craig,15275
England,Hirst,15267
England,Lees,15259
England,McLean,15229
England,Boyle,15157
England,Greaves,15127
England,Summers,15076
England,Mellor,15045
England,Wyatt,14999
England,Rigby,14946
Italy,Rossi,347288
Italy,Russo,220472
Italy,Ferrari,196529
Italy,Esposito,155359
Italy,Colombo,133381
Italy,Bianchi,133380
Italy,Romano,116971
Italy,Ricci,92667
Italy,Gallo,89904
Italy,Dal,87335
Italy,Bruno,87231
Italy,Greco,85434
Italy,Marino,85052
Italy,Conti,80842
Italy,Giordano,80486
Italy,Rizzo,77745
Italy,de Luca,77490
Italy,Costa,76312
Italy,Mancini,75932
Italy,Lombardi,71073
Italy,Barbieri,68949
Italy,Fontana,67129
Italy,Moretti,66622
Italy,Mariani,63759
Italy,Caruso,62244
Italy,Galli,62056
Italy,Ferrara,60317
Italy,Santoro,59253
Italy,Rinaldi,58114
Italy,Longo,58092
Italy,Villa,57809
Italy,Sala,57511
Italy,Leone,56858
Italy,Martini,56641
Italy,Dalla,55794
Italy,D'Angelo,53807
Italy,Bianco,53468
Italy,Martinelli,53366
Italy,Gatti,52832
Italy,Vitale,52000
Italy,Serra,51549
Italy,Coppola,50799
Italy,Gentile,50195
Italy,Cattaneo,49596
Italy,Ferri,49172
Italy,Messina,48779
Italy,Monti,48655
Italy,Marchetti,48458
Italy,Marini,48440
Italy,Fabbri,48220
Italy,Ferraro,47559
Italy,Lombardo,46984
Italy,Testa,46188
Italy,de Santis,46052
Italy,Grasso,45576
Italy,Parisi,44807
Italy,Amato,44736
Italy,de Angelis,44513
Italy,Pellegrini,44258
Italy,Riva,43495
Italy,Grassi,43140
Italy,Palumbo,42688
Italy,Conte,42066
Italy,Morelli,41714
Italy,Brambilla,41428
Italy,Sanna,40888
Italy,Farina,40792
Italy,Benedetti,40761
Italy,Pellegrino,40099
Italy,Valentini,39892
Italy,Rizzi,39808
Italy,Franco,39173
Italy,Caputo,39014
Italy,Carbone,38712
Italy,Fiore,38672
Italy,de Rosa,38613
Italy,Barone,38554
Italy,D'Amico,38321
Italy,Mazza,38144
Italy,Silvestri,38018
Italy,Martino,37889
Italy,Bernardi,37594
Italy,Rossetti,37385
Italy,Palmieri,36871
Italy,Giuliani,36474
Italy,Orlando,36013
Italy,Piras,35934
Italy,Locatelli,35863
Italy,Basile,35582
Italy,Castelli,35435
Italy,Pagano,35155
Italy,Ruggiero,35089
Italy,Sorrentino,35009
Italy,Pozzi,34785
Italy,Romeo,34357
Italy,Bellini,34022
Italy,Montanari,33985
Italy,Fumagalli,33974
Italy,Poli,33924
Italy,Rota,33873
Italy,Negri,33718
Italy,Vitali,33310
Italy,Ferrero,33287
Italy,Milani,33279
Italy,Costantini,33186
Italy,di Stefano,33174
Italy,Ferretti,33038
Italy,Battaglia,32770
Italy,Mantovani,32647
Italy,D'Agostino,32558
Italy,Moro,32356
Italy,Perrone,32235
Italy,Fusco,32020
Italy,Guerra,31897
Italy,Sartori,31706
Italy,Donati,31671
Italy,Basso,31395
Italy,Piazza,30806
Italy,de Simone,30477
Italy,Calabrese,30375
Italy,Molinari,30104
Italy,Catalano,30091
Italy,Pinna,29971
Italy,Leonardi,29857
Italy,Meloni,29773
Italy,Proietti,29677
Italy,Spinelli,29177
Italy,Ruggeri,29126
Italy,Zanetti,29090
Italy,Bruni,28858
Italy,Marchi,28584
Italy,Bassi,28495
Italy,Ventura,28218
Italy,Santini,28199
Italy,Olivieri,28189
Italy,Giorgi,27925
Italy,Magnani,27907
Italy,Melis,27735
Italy,Carta,27677
Italy,Motta,27666
Italy,Pace,27619
Italy,Grimaldi,27600
Italy,Marinelli,27355
Italy,Garofalo,27277
Italy,Mele,27206
Italy,Manca,27171
Italy,Aiello,27093
Italy,Beretta,26950
Italy,Monaco,26876
Italy,D'Ambrosio,26869
Italy,Cavallo,26835
Italy,Rosso,26820
Italy,Volpe,26723
Italy,Trevisan,26666
Italy,D'Alessandro,26544
Italy,Antonelli,26507
Italy,Ferro,26444
Italy,Maggi,26421
Italy,Orlandi,26408
Italy,Napolitano,26407
Italy,Guidi,26393
Italy,Cirillo,26257
Italy,Pastore,26232
Italy,Corti,26081
Italy,Pepe,26053
Italy,Rosa,25961
Italy,Ferrante,25798
Italy,Tosi,25722
Italy,Berti,25702
Italy,Costanzo,25628
Italy,Baldi,25477
Italy,Valenti,25284
Italy,Angelini,25157
Italy,de Marco,25064
Italy,Viola,25006
Italy,Nardi,24969
Italy,Arena,24927
Italy,Mancuso,24898
Italy,Leoni,24885
Italy,Sacco,24837
Italy,Grossi,24833
Italy,Pugliese,24726
Italy,Landi,24700
Italy,Grillo,24661
Italy,Agostini,24657
Italy,Piccolo,24543
Italy,Venturi,24453
Italy,Marchese,24421
Italy,Ceccarelli,24413
Italy,Mosca,24338
Italy,Stella,24324
Italy,Giannini,24314
Italy,Bartolini,24084
Italy,di Marco,24037
Italy,Gori,23982
Italy,Serafini,23942
Italy,Bernardini,23868
Italy,Spina,23790
Italy,Mauro,23728
Italy,Venturini,23714
Italy,Oliva,23654
Italy,Bianchini,23532
Italy,Gagliardi,23455
Italy,Mori,23284
Italy,Filippi,23109
Italy,Izzo,22861
Italy,Innocenti,22722
Italy,Albanese,22608
Italy,Forte,22435
Italy,Guarino,22308
Italy,di Pietro,22305
Italy,Napoli,22225
Italy,Mura,22125
Italy,Rosati,22123
Italy,Borghi,22096
Italy,Marra,22084
Italy,Massa,22060
Italy,Giusti,22011
Italy,Rubino,21996
Italy,Palma,21956
Italy,Baldini,21920
Italy,Carraro,21903
Italy,Franchi,21871
Italy,Bevilacqua,21804
Italy,Cavallaro,21761
Italy,Mauri,21665
Italy,Biondi,21596
Italy,Rossini,21594
Italy,Rocca,21546
Italy,Falcone,21536
Italy,Pisano,21244
Italy,Guida,21232
Italy,Pucci,21223
Italy,Bonetti,21216
Italy,Pinto,21187
Italy,Fazio,21101
Italy,Mazzoni,21012
Italy,Grosso,21011
Italy,Santi,20975
Italy,di Martino,20903
Italy,Magni,20902
Italy,Raimondi,20901
Italy,Frigerio,20888
Italy,Palermo,20837
Italy,Baroni,20828
Italy,Mariotti,20806
Italy,Pesce,20665
Italy,Bucci,20604
Italy,Gatto,20311
Italy,Furlan,20265
Italy,Giovannini,20231
Italy,Re,20181
Italy,D'Andrea,20144
Italy,Bosco,20113
Italy,Parodi,20105
Italy,Ferrario,20062
Italy,Romagnoli,20043
Italy,Brunetti,19908
Italy,Perego,19798
Italy,Costantino,19789
Italy,Manfredi,19691
Italy,Colucci,19665
Italy,Marconi,19622
Italy,Marchesi,19530
Italy,di Mauro,19468
Italy,Gargiulo,19448
Italy,Moroni,19441
Italy,Pappalardo,19346
Italy,Casagrande,19321
Italy,Crippa,19313
Italy,Lorusso,19248
Italy,Vinci,19183
Italy,Antonini,19104
Italy,Martelli,18968
Italy,Cocco,18952
Italy,Capasso,18930
Italy,Simonetti,18884
Italy,Sacchi,18866
Italy,Fiorini,18818
Italy,Volpi,18772
Italy,Luciani,18758
Italy,Rocchi,18733
Italy,Lanza,18725
Italy,di Benedetto,18723
Italy,Ranieri,18678
Italy,Barbato,18630
Italy,Leo,18546
Italy,Vaccaro,18546
Italy,Ricciardi,18510
Italy,Berardi,18507
Italy,Stefani,18450
Italy,Merlo,18381
Italy,Carboni,18376
Italy,Diana,18278
Italy,Giuliano,18264
Italy,Genovese,18262
Italy,Tarantino,18222
Italy,Tedesco,18148
Italy,Vacca,18089
Italy,Boscolo,18088
Italy,Cipriani,18076
Italy,di Lorenzo,18056
Italy,Riccio,18034
Italy,Belli,17967
Italy,Bartoli,17966
Italy,Masi,17951
Italy,La Rosa,17939
Italy,Fortunato,17925
Italy,Falco,17819
Italy,Toscano,17792
Italy,Scotti,17785
Italy,Gentili,17762
Italy,di Carlo,17740
Italy,Mattioli,17739
Italy,Massaro,17586
Italy,Colella,17576
Italy,Cosentino,17561
Italy,Cozzolino,17529
Italy,Delle,17462
Italy,Lai,17448
Italy,Girardi,17418
Italy,Graziano,17415
Italy,Borrelli,17376
Italy,Bertolini,17275
Italy,Castellani,17271
Italy,Gasparini,17262
Italy,Molteni,17217
Italy,Grandi,17192
Italy,Puglisi,17177
Italy,Paolini,17134
Italy,Corsi,17132
Italy,Belotti,17118
Italy,Lazzari,17062
Italy,Petrucci,17006
Italy,Spada,16976
Italy,Granata,16964
Italy,Pini,16929
Italy,Iorio,16897
Italy,Chiesa,16896
Italy,Nicoletti,16830
Italy,Bosio,16786
Italy,Carrara,16774
Italy,Bertini,16741
Italy,Belloni,16689
Italy,Franchini,16606
Italy,Lorenzi,16571
Italy,Boni,16538
Italy,Cortese,16536
Italy,Cecchini,16521
Italy,Mazzola,16447
Italy,Manzoni,16439
Italy,Vigano,16400
Italy,Franceschini,16390
Italy,Fabris,16381
Italy,Lupo,16340
Italy,Clemente,16300
Italy,Morandi,16273
Italy,Manzo,16242
Italy,Pisani,16240
Italy,Righi,16135
Italy,Zanotti,16115
Italy,Romani,16103
Italy,Spano,16068
Italy,Schiavone,16054
Italy,Fiori,16016
Italy,Vitiello,15986
Italy,Elia,15957
Italy,Natale,15956
Italy,Filippini,15927
Italy,Pieri,15926
Italy,Cappelli,15900
Italy,Marotta,15894
Italy,Pasquali,15888
Italy,Turco,15879
Italy,Poggi,15872
Italy,Paoletti,15870
Italy,Castaldo,15869
Italy,Rocco,15820
Italy,Murgia,15715
Italy,Maggio,15693
Italy,Mattei,15685
Italy,Carminati,15656
Italy,Ronchi,15635
Italy,Fantini,15621
Italy,Graziani,15612
Italy,Alfano,15610
Italy,Sabatini,15550
Italy,Cavalli,15521
Italy,Capuano,15449
Italy,Durante,15439
Italy,Porcu,15430
Italy,Visentin,15428
Italy,Fava,15424
Italy,Cossu,15418
Italy,Nanni,15405
Italy,D'Onofrio,15404
Italy,Abate,15300
Italy,Musso,15300
Italy,Ferraris,15287
Italy,Lupi,15249
Italy,di Maio,15217
Italy,Grieco,15200
Italy,Andreoli,15165
Italy,Federici,15159
Italy,Cavaliere,15123
Italy,Tonelli,15118
Italy,Salvadori,15109
Italy,Zanini,15099
Italy,Bono,15092
Italy,Scognamiglio,15080
Italy,Nava,15062
Italy,Casadei,15054
Italy,Liguori,15044
Italy,Albano,15029
Italy,de Martino,14975
Italy,Piva,14859
Italy,di Palma,14841
Italy,Perna,14830
Italy,Abbate,14823
Italy,Randazzo,14790
Italy,Macchi,14778
Italy,Carli,14756
Italy,di Girolamo,14747
Italy,Tedeschi,14737
Italy,Perini,14696
Italy,Guglielmi,14687
Italy,Favaro,14643
Italy,Miceli,14640
Italy,Bresciani,14613
Italy,Daniele,14573
Italy,Castagna,14566
Italy,Betti,14563
Italy,di Giovanni,14495
Italy,Bini,14478
Italy,Vecchi,14444
Italy,Donato,14396
Italy,Giglio,14368
Italy,Guerrini,14361
Italy,Gabrielli,14332
Italy,Renzi,14330
Italy,Bertoli,14312
Italy,D'Amato,14276
Italy,Catania,14265
Italy,Campana,14196
Italy,Barbero,14195
Italy,Festa,14177
Italy,del Prete,14128
Italy,Scala,14116
Italy,Damiani,14108
Italy,Vecchio,14080
Italy,Federico,14038
Italy,Li,14015
Italy,Adamo,13995
Italy,Fiorentino,13986
Italy,Ghezzi,13983
Italy,Croce,13975
Italy,di Matteo,13959
Italy,La Rocca,13948
Italy,Cappelletti,13908
Italy,Angeli,13884
Italy,Torre,13872
Italy,Gobbi,13825
Italy,Milano,13792
Italy,Redaelli,13783
Italy,Giunta,13773
Italy,Gambino,13763
Italy,Capone,13759
Italy,Zito,13733
Italy,Annunziata,13729
Italy,Giuffrida,13726
Italy,Bonfanti,13702
Italy,Brunelli,13691
Italy,Bonanno,13632
Italy,Casini,13593
Italy,Cuomo,13587
Italy,Corradini,13583
Italy,Porta,13571
Italy,Palazzo,13554
Italy,Sanfilippo,13533
Italy,Galimberti,13481
Italy,Micheli,13452
Italy,del Vecchio,13420
Italy,Casella,13394
Italy,Gioia,13374
Italy,Gallina,13356
Italy,Invernizzi,13338
Italy,Privitera,13305
Italy,Bacci,13292
Italy,Foti,13270
Italy,Palmisano,13236
Italy,Piccoli,13226
Italy,Galbiati,13200
Italy,Cerutti,13177
Italy,Castellano,13141
Italy,Capelli,13130
Italy,Morini,13105
Italy,Paolucci,13071
Italy,Corrado,13064
Italy,Tomasi,13057
Italy,Tagliabue,13046
Spain,Garcia,1496432
Spain,Rodriguez,942872
Spain,Gonzalez,939941
Spain,Fernandez,928518
Spain,Lopez,895188
Spain,Martinez,855332
Spain,Sanchez,829229
Spain,Perez,804100
Spain,Gomez,503688
Spain,Martin,495859
Spain,Jimenez,398306
Spain,Ruiz,385398
Spain,Hernandez,371021
Spain,Diaz,345576
Spain,Moreno,333583
Spain,Muñoz,291735
Spain,Alvarez,288686
Spain,Romero,229053
Spain,Alonso,206797
Spain,Gutierrez,198069
Spain,Navarro,188278
Spain,Torres,177665
Spain,Dominguez,160861
Spain,Ramos,151408
Spain,Vazquez,150831
Spain,Gil,148563
Spain,Ramirez,139529
Spain,Serrano,138220
Spain,Blanco,128745
Spain,Molina,127522
Spain,Morales,125749
Spain,Suarez,123671
Spain,Ortega,123228
Spain,Delgado,121614
Spain,Castro,120499
Spain,Ortiz,112138
Spain,Rubio,109919
Spain,Marin,106526
Spain,Sanz,98615
Spain,Iglesias,92972
Spain,Medina,92323
Spain,Nuñez,90990
Spain,Garrido,89394
Spain,Castillo,88304
Spain,Cortes,87123
Spain,Lozano,83737
Spain,Guerrero,82441
Spain,Santos,82152
Spain,Cano,81035
Spain,Prieto,77179
Spain,Cruz,74502
Spain,Mendez,74051
Spain,Calvo,73748
Spain,Vidal,73424
Spain,Gallego,72766
Spain,Herrera,72511
Spain,Cabrera,71658
Spain,Flores,71375
Spain,Peña,70608
Spain,Leon,69827
Spain,Marquez,69674
Spain,Campos,69091
Spain,Vega,67720
Spain,Fuentes,67360
Spain,Carrasco,65829
Spain,Diez,65040
Spain,Reyes,63836
Spain,Caballero,63109
Spain,Nieto,62934
Spain,Pascual,62500
Spain,Aguilar,62274
Spain,Santana,61650
Spain,Herrero,61314
Spain,Ferrer,59233
Spain,Lorenzo,59214
Spain,Gimenez,58937
Spain,Hidalgo,58574
Spain,Montero,58513
Spain,Ibañez,56627
Spain,Santiago,55967
Spain,Mora,55746
Spain,Vicente,55339
Spain,Vargas,54849
Spain,Arias,54778
Spain,Duran,54674
Spain,Benitez,54042
Spain,Carmona,53705
Spain,Crespo,52207
Spain,Pastor,52008
Spain,Soto,50258
Spain,Soler,49433
Spain,Roman,49149
Spain,Velasco,49037
Spain,Saez,48741
Spain,Moya,48336
Spain,Parra,47680
Spain,Esteban,47376
Spain,Bravo,46782
Spain,Rojas,46663
Spain,Gallardo,46635
Spain,Pardo,46062
Spain,Merino,44881
Spain,Franco,44470
Spain,Lara,43963
Spain,Espinosa,43953
Spain,Rivera,43421
Spain,Rivas,43365
Spain,Izquierdo,43256
Spain,Casado,42116
Spain,Camacho,41900
Spain,Silva,41839
Spain,Arroyo,41819
Spain,Vera,41778
Spain,Redondo,41650
Spain,Segura,41227
Spain,Rey,41226
Spain,Luque,41019
Spain,Sierra,40815
Spain,Montes,40812
Spain,Otero,40616
Spain,Carrillo,40214
Spain,Rios,40130
Spain,Marcos,39760
Spain,Galan,39643
Spain,Mendoza,39498
Spain,Soriano,39420
Spain,Marti,38257
Spain,Valero,38225
Spain,Bernal,38179
Spain,Robles,38114
Spain,Vila,38073
Spain,Palacios,37123
Spain,Heredia,36852
Spain,Guerra,36187
Spain,Varela,36181
Spain,Benito,35996
Spain,Mateo,35713
Spain,Contreras,35687
Spain,Bueno,35613
Spain,Exposito,35380
Spain,Macias,35223
Spain,Andres,34777
Spain,Villar,34686
Spain,Miranda,34511
Spain,Pereira,34325
Spain,Roldan,34116
Spain,Mateos,33810
Spain,Escudero,33722
Spain,Guillen,33545
Spain,Aguilera,33328
Spain,Casas,33217
Spain,Rivero,32581
Spain,Rico,32326
Spain,Padilla,32278
Spain,Beltran,31887
Spain,Gracia,31850
Spain,Abad,31578
Spain,Salas,31431
Spain,Acosta,31364
Spain,Conde,31148
Spain,Quintana,31086
Spain,Menendez,31056
Spain,Galvez,31019
Spain,Estevez,30869
Spain,Jurado,30778
Spain,Roca,30747
Spain,Plaza,30735
Spain,Calderon,30637
Spain,Aranda,30626
Spain,Salazar,30431
Spain,Serra,30374
Spain,Aparicio,30323
Spain,Costa,30299
Spain,Guzman,29834
Spain,Bermudez,29736
Spain,Miguel,29453
Spain,Villanueva,29358
Spain,Santamaria,29277
Spain,Manzano,29250
Spain,Trujillo,29182
Spain,Hurtado,29137
Spain,Cuesta,29049
Spain,Blazquez,29029
Spain,Rueda,28981
Spain,Pons,28824
Spain,de La Fuente,28626
Spain,Tomas,28560
Spain,Pacheco,28435
Spain,Avila,28416
Spain,Sancho,28055
Spain,Mesa,27933
Spain,Escobar,27838
Spain,Blasco,27652
Spain,Simon,27236
Spain,Luna,27108
Spain,Lazaro,27089
Spain,Zamora,26994
Spain,Salvador,26886
Spain,del Rio,26867
Spain,Alarcon,26485
Spain,Millan,26341
Spain,Castaño,26173
Spain,Maldonado,26061
Spain,Bermejo,25997
Spain,De-La-Fuente,25935
Spain,Ballesteros,25863
Spain,García,25859
Spain,Del-Rio,25768
Spain,Paredes,25768
Spain,Valverde,25733
Spain,Mas,25508
Spain,Anton,25506
Spain,Bautista,25453
Spain,Juan,25374
Spain,de La Cruz,25309
Spain,Ponce,25223
Spain,Oliva,25164
Spain,Lorente,24931
Spain,Montoya,24811
Spain,Valle,24760
Spain,Rodrigo,24744
Spain,Cordero,24460
Spain,Collado,24234
Spain,Marco,24172
Spain,Cuenca,24052
Spain,Murillo,24052
Spain,Martos,24016
Spain,Cuevas,23944
Spain,Ros,23903
Spain,de La Torre,23858
Spain,Quesada,23774
Spain,Pozo,23728
Spain,Chen,23652
Spain,de-La-Cruz,23465
Spain,Puig,23158
Spain,Barrera,23156
Spain,Gimeno,23146
Spain,Barroso,23058
Spain,Amador,22846
Spain,Alba,22654
Spain,Ordoñez,22603
Spain,Navas,22585
Spain,Pulido,22581
Spain,Soria,22528
Spain,Corral,22475
Spain,Rojo,22474
Spain,Arenas,22445
Spain,Cabello,22404
Spain,Domingo,22357
Spain,Galindo,22327
Spain,Saiz,22219
Spain,Valencia,22210
Spain,Escribano,22152
Spain,Aguado,22115
Spain,Asensio,22052
Spain,Mena,22033
Spain,Vallejo,21979
Spain,Lucas,21711
Spain,de-La Torre,21591
Spain,De-La-Torre,21591
Spain,Ramon,21539
Spain,Caro,21536
Spain,Mata,21526
Spain,Polo,21509
Spain,Linares,21288
Spain,Villalba,21195
Spain,Aguirre,21165
Spain,Paz,21062
Spain,Naranjo,21060
Spain,Reina,21045
Spain,Ojeda,20801
Spain,Leal,20766
Spain,Oliver,20284
Spain,Burgos,20278
Spain,Mohamed,20254
Spain,Moran,20176
Spain,Carretero,20108
Spain,Sosa,19880
Spain,Bonilla,19870
Spain,Roig,19781
Spain,Andreu,19474
Spain,Castellano,19103
Spain,Clemente,19057
Spain,Villa,18917
Spain,Cordoba,18721
Spain,Rosa,18699
Spain,Aragon,18694
Spain,Hernando,18564
Spain,Carrera,18525
Spain,Carrion,18509
Spain,Riera,18503
Spain,Calero,18495
Spain,Caceres,18460
Spain,Alcaraz,18407
Spain,Toledo,18276
Spain,Saavedra,18254
Spain,Cobo,18220
Spain,Domenech,18183
Spain,Cardenas,18142
Spain,Zapata,18130
Spain,Carbonell,18038
Spain,Juarez,17997
Spain,Llorente,17975
Spain,Chacon,17895
Spain,Sola,17769
Spain,Moral,17758
Spain,Velazquez,17646
Spain,Vela,17638
Spain,Sevilla,17625
Spain,Singh,17622
Spain,López,17618
Spain,Salgado,17537
Spain,Alfonso,17452
Spain,Font,17449
Spain,Villegas,17430
Spain,Requena,17400
Spain,Barrios,17370
Spain,Esteve,17366
Spain,Arribas,17305
Spain,Ayala,17275
Spain,Correa,17271
Spain,Quintero,17255
Spain,Pineda,17178
Spain,Olivares,17138
Spain,Bosch,17038
Spain,Grau,17007
Spain,Prado,16962
Spain,Fernández,16883
Spain,Carballo,16747
Spain,Salinas,16670
Spain,Pelaez,16558
Spain,de La Rosa,16525
Spain,Ballester,16516
Spain,Miralles,16508
Spain,Marrero,16498
Spain,González,16470
Spain,Ferreira,16401
Spain,Perea,16228
Spain,Piñeiro,16195
Spain,Luis,16162
Spain,Solis,16151
Spain,Cid,16108
Spain,Sala,16098
Spain,Sanchis,16091
Spain,Pinto,16079
Spain,Castilla,16073
Spain,Cantero,16043
Spain,Casanova,16035
Spain,Cardona,15978
Spain,Pérez,15932
Spain,Camara,15843
Spain,Palomo,15763
Spain,Belmonte,15675
Spain,Porras,15620
Spain,Ventura,15534
Spain,Baena,15519
Spain,Madrid,15478
Spain,Coll,15476
Spain,Palma,15460
Spain,Pino,15352
Spain,de-La-Rosa,15248
Spain,Arranz,15167
Spain,Recio,15160
Spain,Sánchez,15154
Spain,Herranz,15137
Spain,Rincon,15111
Spain,Barba,15106
Spain,Arevalo,15099
Spain,Lago,15059
Spain,Marques,15000
Spain,Cobos,14979
Spain,Nicolas,14932
Spain,Cuadrado,14897
Spain,Cervera,14893
Spain,Angulo,14864
Spain,Valls,14745
Spain,Muñiz,14671
Spain,Ochoa,14653
Spain,Cabezas,14650
Spain,Pujol,14640
Spain,Alfaro,14561
Spain,Vaquero,14551
Spain,Barreiro,14538
Spain,Martínez,14483
Spain,Puente,14418
Spain,Navarrete,14413
Spain,Bello,14380
Spain,Granados,14369
Spain,Peralta,14342
Spain,Latorre,14297
Spain,Becerra,14242
Spain,Velez,14203
Spain,Castellanos,14196
Spain,Rovira,14164
Spain,Ocaña,14136
Spain,Tapia,14104
Spain,Vergara,14101
Spain,da Silva,13997
Spain,Rodríguez,13984
Spain,Sastre,13953
Spain,Losada,13946
Spain,Estrada,13888
Spain,Campo,13857
Spain,Corrales,13835
Spain,Egea,13808
Spain,Gamez,13757
Spain,Godoy,13697
Spain,Garca,13630
Spain,Da-Silva,13589
Spain,Aznar,13552
Spain,Huertas,13543
Spain,Segovia,13543
Spain,Fraile,13527
Spain,Gonzales,13526
Spain,Ruano,13495
Spain,Cerezo,13469
Spain,Duarte,13424
Spain,Fajardo,13380
Spain,Mejias,13342
Spain,Guijarro,13320
Spain,Valenzuela,13297
Spain,Falcon,13267
Spain,Morcillo,13245
Spain,Cebrian,13242
Spain,Catalan,13239
Spain,Alcantara,13151
Spain,Arjona,13136
Spain,Borrego,13121
Spain,del Valle,13106
Spain,Carvajal,13085
Spain,Barbero,13084
Spain,Toro,13041
Spain,Ariza,13033
Spain,Wang,13033
Spain,Romera,12995
Spain,Ferreiro,12983
Spain,Barragan,12950
Spain,Sainz,12932
Spain,Peinado,12894
Spain,Royo,12865
Spain,Lin,12848
Spain,Rosales,12846
Spain,Morillo,12806
Spain,Melero,12755
Spain,Jorge,12705
Spain,Sole,12663
Spain,Pavon,12653
Spain,Llamas,12645
Spain,Alcaide,12627
Spain,Portillo,12620
Spain,Real,12565
Spain,Agudo,12518
Spain,Barrio,12513
Spain,Duque,12513
Spain,Espejo,12505
Spain,Lobato,12505
Spain,de Miguel,12488
Spain,Valdes,12482
Spain,Tirado,12466
Spain,Tejero,12453
Spain,Gonzalo,12430
Spain,Canovas,12424
Spain,Gordillo,12409
Spain,Figueroa,12383
Spain,Criado,12324
Spain,Galvan,12318
Spain,Grande,12313
Spain,Chamorro,12269
Spain,Solano,12261
Spain,Pla,12216
Spain,Llorens,12167
Spain,Davila,12150
Spain,Dorado,12118
Spain,Freire,12089
Spain,Moyano,12067
Spain,Saenz,12051
Spain,Tena,12033
Spain,Vives,12026
Spain,Rosado,12025
Spain,Calleja,12005
Spain,Frias,11989
Spain,Pizarro,11988
Spain,Amaya,11962
Spain,Mosquera,11956
Spain,Ferrero,11928
Spain,Zambrano,11916
Spain,Olmedo,11913
Spain,Huerta,11906
Spain,Bonet,11890
Spain,Serna,11750
Spain,Alcalde,11737
Spain,del Pozo,11716
Spain,Noguera,11710
Spain,Lafuente,11697
Spain,Paniagua,11691
Spain,Ahmed,11690
Spain,Poveda,11665
Spain,Mateu,11663
Spain,Mira,11596
Spain,Salcedo,11504
Germany,Müller,945404
Germany,Schmidt,712881
Germany,Schneider,437827
Germany,Fischer,374260
Germany,Weber,327239
Germany,Meyer,324496
Germany,Wagner,299838
Germany,Becker,280423
Germany,Schulz,278916
Germany,Hoffmann,275891
Germany,Koch,230471
Germany,Richter,229569
Germany,Bauer,225707
Germany,Schäfer,222673
Germany,Klein,200299
Germany,Wolf,195172
Germany,Schröder,188859
Germany,Neumann,180118
Germany,Schwarz,166815
Germany,Braun,165592
Germany,Zimmermann,163406
Germany,Hofmann,159866
Germany,Lange,159346
Germany,Hartmann,155675
Germany,Krüger,154907
Germany,Krause,151218
Germany,Lehmann,149940
Germany,Schmitz,148664
Germany,Meier,148265
Germany,Schmitt,148138
Germany,Werner,145791
Germany,Schmid,142429
Germany,Schulze,137354
Germany,Maier,135544
Germany,Herrmann,130553
Germany,Mayer,126625
Germany,Köhler,125507
Germany,Walter,125228
Germany,König,125182
Germany,Huber,124400
Germany,Kaiser,122362
Germany,Peters,122017
Germany,Fuchs,118345
Germany,Möller,113584
Germany,Lang,113096
Germany,Scholz,112272
Germany,Jung,106649
Germany,Weiß,104983
Germany,Hahn,103826
Germany,Keller,101895
Germany,Berger,100833
Germany,Vogel,100244
Germany,Schubert,100193
Germany,Friedrich,99115
Germany,Frank,97071
Germany,Roth,96459
Germany,Winkler,95782
Germany,Beck,94995
Germany,Günther,94874
Germany,Lorenz,93636
Germany,Baumann,88038
Germany,Franke,86041
Germany,Albrecht,85048
Germany,Ludwig,81368
Germany,Winter,81271
Germany,Simon,80942
Germany,Schuster,80620
Germany,Schumacher,79965
Germany,Kraus,79427
Germany,Böhm,78636
Germany,Vogt,77326
Germany,Martin,76395
Germany,Stein,75606
Germany,Jäger,74486
Germany,Sommer,74298
Germany,Krämer,73859
Germany,Brandt,72510
Germany,Otto,72451
Germany,Heinrich,71122
Germany,Schulte,70614
Germany,Graf,70420
Germany,Haas,70059
Germany,Seidel,70000
Germany,Schreiber,68756
Germany,Groß,68355
Germany,Dietrich,67066
Germany,Engel,66184
Germany,Ziegler,65155
Germany,Horn,63471
Germany,Bergmann,63046
Germany,Pohl,62658
Germany,Kuhn,62611
Germany,Jansen,62427
Germany,Voigt,62091
Germany,Kühn,61689
Germany,Beyer,60934
Germany,Busch,60859
Germany,Thomas,60694
Germany,Hansen,60420
Germany,Lindner,59917
Germany,Arnold,59851
Germany,Sauer,59675
Germany,Kramer,59497
Germany,Wolff,59154
Germany,Seifert,58629
Germany,Hübner,58558
Germany,Ernst,58364
Germany,Pfeiffer,58170
Germany,Wenzel,56131
Germany,Franz,55520
Germany,Nagel,55094
Germany,Kern,55003
Germany,Barth,54857
Germany,Peter,54559
Germany,Götz,54492
Germany,Paul,54043
Germany,Hermann,53866
Germany,Kruse,53466
Germany,Riedel,53458
Germany,Ott,52774
Germany,Haase,52368
Germany,Petersen,52135
Germany,Langer,52081
Germany,Lenz,52067
Germany,Grimm,51666
Germany,Hoppe,51310
Germany,Bock,51235
Germany,Arndt,51229
Germany,Jahn,51104
Germany,Wilhelm,51072
Germany,Mohr,50869
Germany,Ritter,50786
Germany,Schumann,49980
Germany,Fiedler,49758
Germany,Kaufmann,49697
Germany,Kraft,48790
Germany,Förster,48759
Germany,Berg,48703
Germany,Thiel,48697
Germany,Miller,48248
Germany,Michel,47476
Germany,Marx,47299
Germany,Walther,47085
Germany,Lutz,46977
Germany,Sander,46824
Germany,Fritz,46495
Germany,Eckert,46406
Germany,Thiele,46171
Germany,Böttcher,45603
Germany,Reuter,45169
Germany,Reinhardt,45012
Germany,Beckmann,44343
Germany,Schilling,44325
Germany,Schindler,44022
Germany,Frey,43712
Germany,Hein,43518
Germany,Ebert,43462
Germany,Hesse,43403
Germany,Behrens,42981
Germany,Schütz,42904
Germany,Kunz,42611
Germany,Schramm,42387
Germany,Herzog,42232
Germany,Rudolph,42039
Germany,Gruber,41059
Germany,Bayer,40974
Germany,Kunze,40950
Germany,Witt,40940
Germany,Fröhlich,40932
Germany,Nowak,40637
Germany,Geiger,40128
Germany,Stephan,40017
Germany,Maurer,39801
Germany,Bender,39166
Germany,Seitz,39045
Germany,Schultz,38961
Germany,Bachmann,38854
Germany,Adam,38717
Germany,Brinkmann,38433
Germany,Fink,38250
Germany,Kirchner,38102
Germany,Stahl,38004
Germany,Ullrich,38001
Germany,Gerlach,37838
Germany,Breuer,37813
Germany,Steiner,37715
Germany,Gärtner,37567
Germany,Büttner,37480
Germany,Dietz,36689
Germany,Scherer,36573
Germany,Bruns,36562
Germany,Kurz,36463
Germany,Naumann,36391
Germany,Moser,36331
Germany,Brand,36318
Germany,Böhme,36211
Germany,Reichert,36182
Germany,Schlüter,36165
Germany,Ulrich,35900
Germany,Löffler,35757
Germany,Binder,35747
Germany,Janssen,35702
Germany,Heinz,35490
Germany,Wendt,35477
Germany,Blum,35437
Germany,Körner,35253
Germany,Brunner,35022
Germany,Schenk,34993
Germany,Wolter,34903
Germany,Wegner,34817
Germany,Schwab,34799
Germany,Menzel,34777
Germany,Urban,34560
Germany,Schröter,34498
Germany,Krebs,34335
Germany,Göbel,34313
Germany,Heller,34250
Germany,Stark,34189
Germany,Buchholz,34148
Germany,Wirth,34049
Germany,Döring,33888
Germany,Weiss,33867
Germany,Kopp,33412
Germany,Rieger,33403
Germany,Link,33336
Germany,Hinz,33327
Germany,John,33282
Germany,Bartsch,33244
Germany,Meißner,33228
Germany,Reimann,33154
Germany,Wilke,32965
Germany,Hildebrandt,32875
Germany,Unger,32840
Germany,Hirsch,32837
Germany,Bischoff,32614
Germany,Jakob,32584
Germany,Rose,32465
Germany,Pfeifer,32366
Germany,Ackermann,32343
Germany,Rohde,32221
Germany,Schiller,32215
Germany,Sturm,32073
Germany,Westphal,32015
Germany,Köster,31911
Germany,Hennig,31684
Germany,Bach,31605
Germany,Freitag,31593
Germany,Witte,31457
Germany,Engelhardt,31401
Germany,Kröger,31325
Germany,Marquardt,31300
Germany,Fricke,31089
Germany,Ahrens,30951
Germany,Lemke,30926
Germany,Wittmann,30623
Germany,Linke,30562
Germany,Siebert,30509
Germany,Vetter,30470
Germany,Kohl,30412
Germany,Kolb,30356
Germany,Henning,30317
Germany,Heinze,30273
Germany,Noack,30163
Germany,Gebhardt,30116
Germany,Renner,29889
Germany,Reich,29887
Germany,Baier,29881
Germany,Nickel,29871
Germany,Funk,29847
Germany,Keil,29816
Germany,Erdmann,29664
Germany,Kremer,29662
Germany,Mertens,29481
Germany,Pieper,29477
Germany,Martens,29264
Germany,Berndt,29207
Germany,Hanke,29151
Germany,Baum,28960
Germany,Held,28934
Germany,Will,28909
Germany,Münch,28902
Germany,Conrad,28873
Germany,Kiefer,28808
Germany,Bartels,28608
Germany,Hammer,28586
Germany,Esser,28567
Germany,Harms,28444
Germany,Henke,28426
Germany,Mann,28368
Germany,Fuhrmann,28282
Germany,Schlegel,28259
Germany,Stoll,28115
Germany,Kirsch,28056
Germany,Wiese,28047
Germany,Jacob,27745
Germany,Herbst,27684
Germany,Decker,27631
Germany,Klose,27619
Germany,Hamann,27566
Germany,Henkel,27331
Germany,Brückner,27296
Germany,Dittrich,27246
Germany,Schrader,27243
Germany,Neubauer,27178
Germany,Heine,27125
Germany,Nolte,26943
Germany,Krug,26768
Germany,Stadler,26684
Germany,Niemann,26666
Germany,Janßen,26635
Germany,Krieger,26599
Germany,Kuhlmann,26550
Germany,Kluge,26434
Germany,Adler,26422
Germany,Karl,26418
Germany,Röder,26390
Germany,Wiedemann,26349
Germany,Konrad,26342
Germany,Wimmer,26200
Germany,Schön,26094
Germany,Philipp,26071
Germany,Lindemann,25957
Germany,Burkhardt,25922
Germany,Blank,25908
Germany,Hauser,25850
Germany,Großmann,25672
Germany,Zimmer,25642
Germany,Kühne,25631
Germany,Wahl,25531
Germany,Fritsch,25500
Germany,Bader,25476
Germany,Klaus,25464
Germany,Popp,25424
Germany,Steffen,25382
Germany,Heinemann,25176
Germany,Strauß,25114
Germany,Funke,25089
Germany,Bernhardt,25056
Germany,Preuß,24927
Germany,Zander,24924
Germany,Albert,24886
Germany,Lohmann,24841
Germany,Mayr,24806
Germany,Anders,24788
Germany,Haupt,24736
Germany,Hummel,24736
Germany,Brenner,24718
Germany,Probst,24685
Germany,Baur,24615
Germany,Beier,24588
Germany,Jost,24545
Germany,Hartung,24497
Germany,Burger,24463
Germany,Feldmann,24371
Germany,Bode,24337
Germany,Vollmer,24204
Germany,Jordan,24137
Germany,Herold,24001
Germany,Wetzel,23892
Germany,Rothe,23882
Germany,Fleischer,23779
Germany,Behrendt,23721
Germany,Wiegand,23679
Germany,Jacobs,23663
Germany,Rauch,23572
Germany,Wild,23538
Germany,Knoll,23535
Germany,Wegener,23448
Germany,Straub,23350
Germany,Hohmann,23314
Germany,Voß,23250
Germany,Merz,23212
Germany,Reiter,23183
Germany,Christ,23023
Germany,Haag,23017
Germany,Gross,22877
Germany,Neubert,22792
Germany,Reichel,22769
Germany,Schüler,22713
Germany,Strobel,22699
Germany,Albers,22681
Germany,Beer,22677
Germany,Diehl,22629
Germany,Ehlers,22579
Germany,Krauß,22513
Germany,Betz,22459
Germany,Hagen,22431
Germany,Rupp,22423
Germany,Heck,22422
Germany,Schade,22388
Germany,Kroll,22362
Germany,Weise,22240
Germany,Schütte,22079
Germany,Hentschel,22077
Germany,Stock,22031
Germany,Benz,21995
Germany,Rausch,21911
Germany,Wulf,21891
Germany,Metz,21880
Germany,Rapp,21878
Germany,Zeller,21876
Germany,Altmann,21858
Germany,Steffens,21856
Germany,Block,21765
Germany,Geißler,21762
Germany,Weis,21759
Germany,Moritz,21726
Germany,Falk,21722
Germany,Freund,21711
Germany,Eder,21670
Germany,Meister,21505
Germany,Wunderlich,21496
Germany,Kessler,21468
Germany,Seiler,21460
Germany,Giese,21413
Germany,Merkel,21293
Germany,Dörr,21208
Germany,Bittner,21184
Germany,Sonntag,21084
Germany,Jürgens,21082
Germany,Römer,21073
Germany,Gerber,21069
Germany,Hartwig,21043
Germany,Wieland,21017
Germany,Heuer,20901
Germany,Gottschalk,20899
Germany,Bertram,20864
Germany,Born,20853
Germany,Buck,20805
Germany,Lauer,20791
Germany,Raab,20791
Germany,Seeger,20675
Germany,Hinrichs,20652
Germany,Völker,20568
Germany,Timm,20560
Germany,Heil,20542
Germany,Schweizer,20508
Germany,Bühler,20466
Germany,Pape,20457
Germany,Pietsch,20375
Germany,Gabriel,20358
Germany,Hiller,20342
Germany,Runge,20321
Germany,Kellner,20295
Germany,Eichhorn,20294
Germany,Scharf,20276
Germany,Schaefer,20203
Germany,Bär,20190
Germany,Wichmann,20188
Germany,Greiner,20165
Germany,Eberhardt,20048
Germany,Keßler,19927
Germany,Hempel,19920
Germany,Engelmann,19886
Germany,Mueller,19865
Germany,Appel,19785
Germany,Engels,19773
Germany,Weigel,19772
Germany,Moll,19740
Germany,Geyer,19735
Germany,Opitz,19659
Germany,Neuhaus,19629
Germany,Hecht,19560
Germany,Schütze,19492
Germany,Wiesner,19436
Germany,Winkelmann,19407
Germany,Mack,19355
Germany,Radtke,19326
Germany,Dorn,19316
Germany,Seidl,19308
Germany,Lechner,19293
Germany,Hensel,19208
Germany,Heise,19206
Germany,Klemm,19205
Germany,Brüggemann,19189
Germany,Weidner,19183
Germany,Heim,19180
Germany,Eggert,19175
Germany,Brandl,19174
Germany,Scheffler,19159
Germany,Forster,19135
Germany,Hagemann,19094
Germany,Geisler,19090
Germany,Sauter,19054
Germany,Eichler,19021
Germany,Schuler,18992
Germany,Barthel,18987
Germany,Schott,18968
Germany,Oswald,18960
Germany,Auer,18857
Germany,Michels,18849
Germany,Specht,18822
Germany,Reimer,18761
Germany,Stumpf,18721
Germany,Fleischmann,18717
Germany,Neugebauer,18715
Germany,Kretschmer,18712
Germany,Steinbach,18568
Germany,Gebauer,18557
Germany,Brauer,18550
France,Martin,314502
France,Bernard,169361
France,Robert,140774
France,Richard,138260
France,Durand,134303
France,Dubois,132035
France,Moreau,130817
France,Simon,120851
France,Laurent,120188
France,Michel,116107
France,Garcia,115394
France,Thomas,115149
France,Leroy,109089
France,David,97149
France,Morel,92397
France,Roux,90492
France,Girard,87796
France,Fournier,87218
France,Lambert,86758
France,Lefebvre,79199
France,Mercier,79079
France,Blanc,78521
France,Dupont,77740
France,Faure,75590
France,Bertrand,74271
France,Morin,72254
France,Garnier,72071
France,Nicolas,71297
France,Marie,69907
France,Rousseau,69805
France,Bonnet,68906
France,Vincent,68123
France,Henry,65679
France,Masson,64657
France,Robin,64542
France,Martinez,63991
France,Boyer,61789
France,Muller,61384
France,Chevalier,60261
France,Denis,59932
France,Meyer,59613
France,Blanchard,59496
France,Lemaire,59465
France,Dufour,58745
France,Gauthier,58102
France,Vidal,57856
France,Perez,57674
France,Perrin,57350
France,Fontaine,56705
France,Joly,56607
France,Jean,56515
France,da Silva,54795
France,Gautier,54686
France,Roche,53898
France,Roy,53078
France,Pereira,53075
France,Mathieu,52735
France,Roussel,52361
France,Duval,51942
France,Guerin,51692
France,Lopez,51320
France,Rodriguez,51245
France,Colin,51045
France,Aubert,50553
France,Lefevre,50385
France,Marchand,50047
France,Schmitt,49691
France,Picard,49379
France,Caron,49073
France,Sanchez,48748
France,Meunier,48207
France,Gaillard,47916
France,Louis,47563
France,Nguyen,46703
France,Lucas,46489
France,Dumont,46093
France,dos Santos,46037
France,Brunet,45812
France,Clement,45658
France,Brun,45284
France,Arnaud,45169
France,Giraud,44856
France,Barbier,44509
France,Rolland,44230
France,Charles,42817
France,Hubert,42585
France,Fernandes,42249
France,Fabre,42238
France,Moulin,41915
France,Leroux,41811
France,Dupuis,41698
France,Guillaume,41600
France,Roger,41315
France,Paris,40671
France,Guillot,40252
France,Dupuy,39876
France,Fernandez,39664
France,Carpentier,39386
France,Payet,39249
France,Ferreira,39155
France,Olivier,38861
France,Philippe,38566
France,Deschamps,38239
France,Lacroix,38136
France,Jacquet,37705
France,Rey,37666
France,Klein,37563
France,Renaud,37562
France,Baron,37554
France,Leclerc,37362
France,Royer,37153
France,Berger,36801
France,Bourgeois,36766
France,Bertin,36550
France,Petit,36325
France,Adam,36250
France,Daniel,36116
France,Lemoine,35671
France,Pierre,35417
France,Francois,35173
France,Goncalves,34897
France,Benoit,34368
France,Lecomte,34219
France,Vasseur,34158
France,Lebrun,33677
France,Leblanc,33345
France,Leclercq,33105
France,Besson,33021
France,Charpentier,32880
France,Etienne,32331
France,Jacob,31719
France,Michaud,31438
France,Maillard,31280
France,Dumas,31268
France,Monnier,30647
France,Fleury,30573
France,Aubry,30557
France,Hamon,30439
France,Renard,30314
France,Chevallier,30265
France,Guyot,30265
France,Marty,30237
France,Gomez,29879
France,Gillet,29751
France,Andre,29646
France,Le Roux,29556
France,Boucher,29153
France,Bailly,29140
France,Pons,28858
France,Renault,28751
France,Julien,28622
France,Huet,28420
France,Riviere,28119
France,Gonzalez,28009
France,Reynaud,27959
France,Collet,27874
France,Bouvier,27789
France,Millet,27735
France,Rodrigues,27731
France,Gerard,27677
France,Bouchet,27485
France,Schneider,27218
France,Germain,27181
France,Marchal,27066
France,Martins,26808
France,Breton,26669
France,Cousin,26517
France,Langlois,26345
France,Perrot,26300
France,Perrier,26248
France,Le Gall,26098
France,Noel,25952
France,Pelletier,25548
France,Mallet,24653
France,Weber,24405
France,Hoarau,24016
France,Chauvin,24008
France,Le Goff,23972
France,Grondin,23910
France,Antoine,23845
France,Boulanger,23822
France,Gilbert,23622
France,Humbert,23609
France,Guichard,23559
France,Poulain,23540
France,Collin,23314
France,Tessier,23309
France,Pasquier,22990
France,Jacques,22845
France,Lamy,22839
France,da Costa,22760
France,Alexandre,22483
France,Perret,22471
France,Poirier,22351
France,Pascal,22171
France,Gros,22167
France,Buisson,22097
France,Albert,21861
France,Lopes,21860
France,Ruiz,21857
France,Lejeune,21826
France,Cordier,21663
France,Hernandez,21595
France,Georges,21402
France,Maillot,21199
France,Delaunay,21173
France,Laporte,21155
France,Pichon,21093
France,Voisin,21062
France,Lemaitre,20952
France,Launay,20949
France,Lesage,20919
France,Carlier,20913
France,Ollivier,20897
France,Gomes,20755
France,Besnard,20695
France,Camus,20658
France,Coulon,20629
France,Cohen,20538
France,Charrier,20530
France,Paul,20505
France,Didier,20503
France,Guillet,20328
France,Guillou,20302
France,Remy,20261
France,Joubert,20224
France,Bousquet,20138
France,Verdier,20030
France,Hoareau,19924
France,Briand,19862
France,Raynaud,19846
France,Delmas,19837
France,Coste,19828
France,Blanchet,19775
France,Marin,19761
France,Lebreton,19723
France,Leduc,19630
France,Sauvage,19604
France,Martel,19596
France,Gaudin,19517
France,Lebon,19491
France,Rossi,19353
France,Diallo,19312
France,Delattre,19289
France,Maury,19196
France,Ribeiro,19184
France,Bigot,19183
France,Menard,19165
France,Guillon,19149
France,Thibault,19062
France,Colas,19048
France,Raymond,18963
France,Delorme,18927
France,Pineau,18889
France,Joseph,18868
France,Hardy,18803
France,Berthelot,18771
France,Allard,18733
France,Lagarde,18671
France,Ferrand,18667
France,Valentin,18618
France,Lenoir,18613
France,Tran,18581
France,Bonneau,18464
France,Clerc,18359
France,Godard,18317
France,Tanguy,18280
France,Brunel,18239
France,Gilles,18227
France,Imbert,18214
France,Seguin,18202
France,Jourdan,18192
France,Alves,18189
France,Bruneau,18189
France,Bodin,18140
France,Morvan,18113
France,Vaillant,18087
France,Marion,17990
France,Devaux,17987
France,Maurice,17894
France,Courtois,17886
France,Baudry,17827
France,Chauvet,17758
France,Prevost,17758
France,Couturier,17738
France,Turpin,17582
France,Lefort,17580
France,Lacombe,17551
France,Favre,17433
France,Maire,17321
France,Barre,17310
France,Riou,17251
France,Allain,17178
France,Lombard,17138
France,Mary,17128
France,Lacoste,17088
France,Blin,17026
France,Costa,16976
France,Evrard,16844
France,Thierry,16800
France,Leveque,16774
France,Loiseau,16735
France,Navarro,16733
France,Laroche,16663
France,Bourdon,16661
France,Texier,16657
France,Carre,16566
France,Levy,16529
France,Toussaint,16515
France,Grenier,16505
France,Guilbert,16505
France,Guibert,16449
France,Chartier,16350
France,Bonnin,16260
France,Maillet,16253
France,Benard,16236
France,Jacquot,16142
France,Auger,16070
France,Vallet,16021
France,Leconte,15995
France,Bazin,15979
France,Rousset,15937
France,Fischer,15876
France,Rocher,15819
France,Normand,15787
France,Descamps,15701
France,Potier,15690
France,Valette,15686
France,Peltier,15680
France,Duhamel,15641
France,Wagner,15639
France,Merle,15597
France,Faivre,15549
France,Barbe,15539
France,Blondel,15511
France,Pottier,15388
France,Pinto,15360
France,Maurin,15266
France,Guyon,15265
France,Vial,15252
France,Martineau,15237
France,Blot,15231
France,Gallet,15230
France,Foucher,15123
France,Delage,15048
France,Guy,14997
France,Chauveau,14995
France,Barthelemy,14971
France,Fouquet,14951
France,Boutin,14830
France,Bouvet,14751
France,Salmon,14664
France,Rossignol,14619
France,Neveu,14590
France,Lemonnier,14586
France,Marechal,14528
France,Herve,14491
France,Delahaye,14479
France,Poncet,14443
France,Bernier,14442
France,Lafon,14423
France,Teixeira,14383
France,Chapuis,14362
France,Pujol,14352
France,Lecoq,14319
France,Charbonnier,14291
France,de Sousa,14290
France,Laborde,14238
France,Cros,14222
France,Serre,14157
France,Andrieu,14118
France,Girault,14041
France,Pruvost,13961
France,Berthier,13916
France,Grand,13879
France,Sabatier,13879
France,Boulay,13846
France,Le Roy,13794
France,Duclos,13792
France,Martinet,13779
France,Hebert,13746
France,Maurel,13735
France,Gervais,13731
France,Dias,13693
France,de Oliveira,13684
France,Parent,13658
France,Jourdain,13651
France,Ali,13640
France,Regnier,13596
France,Marc,13560
France,Diaz,13539
France,Billard,13505
France,Favier,13437
France,Bellanger,13403
France,Delannoy,13401
France,Torres,13391
France,Dubreuil,13387
France,Becker,13369
France,Doucet,13341
France,Gras,13339
France,Prigent,13339
France,Rigaud,13333
France,Samson,13317
France,Masse,13297
France,Cornu,13269
France,Chambon,13185
France,Mas,13182
France,Fortin,13139
France,Besse,13136
France,Castel,13057
France,Letellier,13054
France,Ricard,13017
France,Benoist,13006
France,Poisson,12994
France,Parmentier,12986
France,Lepage,12975
France,Boulet,12950
France,Grandjean,12931
France,Claude,12921
France,Mendes,12921
France,Bonhomme,12907
France,Roques,12833
France,Huguet,12803
France,Comte,12782
France,Pommier,12765
France,Le Corre,12757
France,Forestier,12746
France,Drouet,12722
France,Constant,12653
France,Leblond,12636
France,Jolly,12620
France,Brault,12610
France,Gosselin,12582
France,Lacour,12562
France,Rose,12548
France,Prat,12545
France,Geoffroy,12523
France,Hamel,12490
France,Tournier,12426
France,Rault,12419
France,Mounier,12416
France,Ledoux,12386
France,Marquet,12354
France,Blondeau,12339
France,Grange,12312
France,Morand,12292
France,Picot,12179
France,Millot,12123
France,Brossard,12115
France,Laval,12100
France,Merlin,12067
France,Bocquet,12037
France,Granger,12024
France,Jung,12011
France,Leleu,12002
France,Levasseur,11988
France,Guillemin,11976
France,Armand,11962
France,Barret,11941
France,Mouton,11924
France,Champion,11921
France,Moreno,11917
France,Bouquet,11895
France,Keller,11895
France,Bourdin,11872
France,Cartier,11866
France,Gimenez,11787
France,Jamet,11768
France,Lavigne,11761
France,Combes,11742
France,Said,11730
France,Lelievre,11709
France,Guillard,11667
France,Berthet,11631
France,Guillemot,11600
France,Gibert,11577
France,Leray,11538
France,Gicquel,11519
France,Ferry,11510
France,Fort,11493
France,Dumoulin,11489
France,Provost,11486
France,Basset,11472
France,Papin,11455
France,Terrier,11452
France,Walter,11440
France,Andrieux,11428
France,Tellier,11416
France,Jeanne,11383
France,Bataille,11374
France,Munoz,11350
France,Jullien,11338
France,Ramos,11326
France,Prieur,11321
France,Bouchard,11290
France,Saunier,11287
France,Bon,11284
France,Chatelain,11261
France,Foulon,11252
France,Lasserre,11220
Holland,de Jong,91285
Holland,Jansen,83120
Holland,de Vries,78115
Holland,Bakker,61635
Holland,Janssen,59969
Holland,van Dijk,58026
Holland,Visser,55804
Holland,Smit,46824
Holland,de Boer,43543
Holland,de Groot,41079
Holland,Mulder,40955
Holland,Meijer,39867
Holland,Bos,39388
Holland,Vos,34090
Holland,Peters,33006
Holland,van der Berg,32887
Holland,Hendriks,31698
Holland,Dekker,31369
Holland,van Leeuwen,30803
Holland,Brouwer,29277
Holland,van den Berg,27565
Holland,Dijkstra,26854
Holland,de Wit,25921
Holland,Smits,25843
Holland,Kok,23322
Holland,Vermeulen,23079
Holland,de Graaf,22952
Holland,van der Meer,22653
Holland,Jacobs,22312
Holland,de Haan,21739
Holland,van der Linden,21094
Holland,Schouten,19177
Holland,van der Veen,19052
Holland,de Bruin,18908
Holland,van Vliet,18569
Holland,Willems,18536
Holland,Hoekstra,18031
Holland,van Beek,17839
Holland,Koster,17516
Holland,Maas,17185
Holland,van Dam,17017
Holland,Prins,16941
Holland,Verhoeven,16593
Holland,Huisman,16454
Holland,Blom,16311
Holland,Peeters,15829
Holland,Kuipers,15798
Holland,de Bruijn,15608
Holland,van der Heijden,15546
Holland,de Jonge,15508
Holland,Kramer,15371
Holland,Post,15283
Holland,van der Wal,15000
Holland,Kuiper,14842
Holland,van Veen,14798
Holland,Boer,14774
Holland,Groot,14451
Holland,Scholten,14348
Holland,Klein,14087
Holland,van Wijk,14031
Holland,Martens,13634
Holland,Veenstra,13604
Holland,Groen,13554
Holland,Vink,13407
Holland,Postma,13374
Holland,Bosch,13142
Holland,de Ruiter,13140
Holland,Koning,13130
Holland,Smeets,12985
Holland,de Lange,12919
Holland,Timmermans,12896
Holland,Jonker,12649
Holland,de Vos,12613
Holland,de Koning,12438
Holland,Hermans,12281
Holland,Gerritsen,12229
Holland,Schipper,12158
Holland,Van Loon,12011
Holland,Willemsen,11854
Holland,Evers,11639
Holland,Driessen,11569
Holland,Sanders,11522
Holland,Molenaar,11316
Holland,van Dongen,11302
Holland,Mol,11297
Holland,Bosman,11151
Holland,van Doorn,11058
Holland,van der Laan,10970
Holland,Verbeek,10800
Holland,de Leeuw,10772
Holland,van der Velden,10681
Holland,van der Meulen,10648
Holland,van der Horst,10642
Holland,Roos,10635
Holland,van der Heuvel,10570
Holland,Stam,10507
Holland,Hofman,10479
Holland,Muller,10432
Holland,Kroon,10410
Holland,Wolters,10250
Holland,van der Velde,10146
Holland,van der Ven,10096
Holland,van der Broek,9978
Holland,Groeneveld,9683
Holland,de Haas,9681
Holland,Wouters,9650
Holland,Koopman,9645
Holland,Bosma,9641
Holland,Timmer,9622
Holland,van Rijn,9571
Holland,Schaap,9394
Holland,Zijlstra,9372
Holland,Verhagen,9333
Holland,van den Heuvel,9250
Holland,Simons,9198
Holland,Pronk,9189
Holland,Boon,9025
Holland,Vonk,8960
Holland,Dekkers,8886
Holland,Stevens,8788
Holland,Kuijpers,8667
Holland,Rutten,8646
Holland,Jager,8618
Holland,Snijders,8617
Holland,de Jager,8589
Holland,Bouwman,8569
Holland,van den Broek,8545
Holland,Versteeg,8530
Holland,Blok,8476
Holland,Otten,8461
Holland,Vermeer,8383
Holland,Faber,8376
Holland,Klaassen,8357
Holland,Aarts,8094
Holland,Franken,8081
Holland,Boersma,8062
Holland,Dijk,8044
Holland,Geurts,8033
Holland,Lammers,8021
Holland,van Schaik,7987
Holland,Joosten,7825
Holland,Cornelissen,7803
Holland,de Rooij,7764
Holland,Bouman,7715
Holland,Damen,7641
Holland,Derks,7542
Holland,Roelofs,7539
Holland,Arts,7521
Holland,Teunissen,7521
Holland,van der Pol,7478
Holland,Timmerman,7420
Holland,Verweij,7321
Holland,Hoek,7303
Holland,Venema,7292
Holland,Gerrits,7291
Holland,Verhoef,7252
Holland,Zwart,7229
Holland,Goossens,7206
Holland,Schuurman,7199
Holland,Wiersma,7170
Holland,Kamphuis,7149
Holland,Thijssen,7102
Holland,Derksen,7035
Holland,van der Brink,7010
Holland,Wessels,6984
Holland,Visscher,6968
Holland,van der Werf,6962
Holland,van der Plas,6953
Holland,Jong,6952
Holland,Baars,6938
Holland,van Eijk,6938
Holland,Baas,6925
Holland,van den Akker,6806
Holland,Brink,6770
Holland,Bouma,6731
Holland,van der Heide,6727
Holland,Brouwers,6716
Holland,Terpstra,6673
Holland,Bijl,6616
Holland,van Driel,6606
Holland,Berg,6573
Holland,Hartman,6544
Holland,Pieters,6518
Holland,van der Steen,6507
Holland,van der Hoek,6479
Holland,Keizer,6468
Holland,van der Burg,6450
Holland,Rietveld,6438
Holland,Veen,6431
Holland,Brand,6410
Holland,van Eck,6379
Holland,Kersten,6373
Holland,Arends,6363
Holland,van Rooij,6321
Holland,Feenstra,6280
Holland,Koopmans,6242
Holland,van Rossum,6233
Holland,Vissers,6230
Holland,Knol,6226
Holland,Hoogendoorn,6200
Holland,van Dalen,6196
Holland,Ruiter,6195
Holland,van Essen,6187
Holland,Nieuwenhuis,6182
Holland,Brinkman,6176
Holland,van Gils,6124
Holland,de Ridder,6116
Holland,Konings,6116
Holland,Boonstra,6110
Holland,van der Ploeg,6107
Holland,Stolk,6087
Holland,van Berkel,6082
Holland,Smulders,6052
Holland,Tromp,6040
Holland,Heemskerk,6023
Holland,Buijs,5989
Holland,Kooistra,5941
Holland,van Lieshout,5941
Holland,Schepers,5926
Holland,Vis,5923
Holland,Veldman,5877
Holland,Schreurs,5857
Holland,van der Bosch,5852
Holland,van den Brink,5844
Holland,Boers,5833
Holland,van der Zee,5816
Holland,Schut,5804
Holland,van Velzen,5777
Holland,Reinders,5768
Holland,de Waal,5665
Holland,Albers,5637
Holland,van Rooijen,5612
Holland,de Visser,5599
Holland,van Egmond,5586
Holland,Kool,5583
Holland,Lamers,5520
Holland,de Jongh,5512
Holland,van der Veer,5509
Holland,Bergsma,5494
Holland,van der Linde,5473
Holland,Mulders,5470
Holland,Nijenhuis,5459
Holland,Dam,5457
Holland,van Zanten,5452
Holland,Pol,5451
Holland,de Wilde,5441
Holland,Willemse,5436
Holland,van de Ven,5431
Holland,de Kok,5419
Holland,Hof,5406
Holland,van der Molen,5402
Holland,van Gelder,5398
Holland,Nijland,5388
Holland,van Vugt,5381
Holland,Brands,5380
Holland,Berends,5378
Holland,Fransen,5377
Holland,Kamp,5373
Holland,Steenbergen,5372
Holland,Schippers,5371
Holland,Wijnen,5364
Holland,Wagenaar,5345
Holland,Hoogeveen,5339
Holland,van der Sluis,5338
Holland,Nijhuis,5335
Holland,Valk,5334
Holland,Klomp,5320
Holland,Vries,5294
Holland,Verschoor,5272
Holland,Veldhuis,5265
Holland,Meyer,5259
Holland,Schutte,5245
Holland,Theunissen,5229
Holland,Meijers,5228
Holland,Boom,5224
Holland,de Winter,5223
Holland,Leenders,5203
Holland,van der Graaf,5174
Holland,Klaver,5171
Holland,Swart,5165
Holland,Drost,5153
Holland,Keijzer,5143
Holland,Bouwmeester,5125
Holland,Burger,5120
Holland,de Graaff,5111
Holland,Beckers,5105
Holland,van Kempen,5103
Holland,Lemmens,5100
Holland,Coenen,5083
Holland,Bruin,5080
Holland,van der Hoeven,5079
Holland,Bruinsma,5062
Holland,Franssen,5053
Holland,Schreuder,5048
Holland,Houben,5043
Holland,van Putten,5033
Holland,Boot,5032
Holland,Geerts,5028
Holland,van den Bosch,5023
Holland,Jonkers,5020
Holland,van der Kolk,4982
Holland,Heijnen,4977
Holland,Manders,4976
Holland,van Hoof,4943
Holland,van Kampen,4933
Holland,Verheijen,4927
Holland,de Ruijter,4907
Holland,van Bergen,4888
Holland,Koops,4883
Holland,Bongers,4874
Holland,Groenendijk,4863
Holland,van Kessel,4843
Holland,Vogel,4841
Holland,de Beer,4820
Holland,Timmers,4816
Holland,van der Voort,4806
Holland,Schoenmakers,4790
Holland,van der Poel,4782
Holland,van Mourik,4778
Holland,Westra,4752
Holland,Hendriksen,4729
Holland,van der Beek,4720
Holland,Swinkels,4711
Holland,Kooijman,4693
Holland,Kroes,4688
Holland,Haan,4666
Holland,Bruins,4661
Holland,van Houten,4654
Holland,van Wijngaarden,4650
Holland,Borst,4645
Holland,van der Woude,4637
Holland,Lubbers,4636
Holland,Jaspers,4595
Holland,Versluis,4595
Holland,Oomen,4568
Holland,Janssens,4562
Holland,Moonen,4535
Holland,Drenth,4530
Holland,van Keulen,4524
Holland,Schenk,4523
Holland,Staal,4521
Holland,Wolf,4520
Holland,Schmidt,4509
Holland,Engels,4504
Holland,Beekman,4497
Holland,Weijers,4496
Holland,Smith,4490
Holland,Dijkman,4489
Holland,van Ginkel,4481
Holland,Harmsen,4468
Holland,Veerman,4439
Holland,Berkhout,4437
Holland,Hagen,4424
Holland,Hoogland,4418
Holland,Blaauw,4402
Holland,Zonneveld,4400
Holland,van Duijn,4399
Holland,ter Horst,4394
Holland,Hiemstra,4385
Holland,Slot,4381
Holland,Snel,4378
Holland,Roest,4366
Holland,van Hees,4355
Holland,Veldhuizen,4341
Holland,Bartels,4315
Holland,Janse,4315
Holland,van Alphen,4306
Holland,Alberts,4293
Holland,de Laat,4278
Holland,Scholte,4273
Holland,Kooij,4270
Holland,Verkerk,4262
Holland,Koot,4256
Holland,van der Lee,4256
Holland,Burgers,4237
Holland,van der Ham,4233
Holland,de Waard,4231
Holland,Huizinga,4225
Holland,Miedema,4219
Holland,Engelen,4208
Holland,van Tol,4204
Holland,Laan,4203
Holland,Hartog,4176
Holland,van Pelt,4174
Holland,Berendsen,4172
Holland,van der Vliet,4161
Holland,Pot,4160
Holland,van der Valk,4158
Holland,van Laar,4155
Holland,Schellekens,4153
Holland,Westerhof,4145
Holland,Oude,4142
Holland,van Oosten,4137
Holland,Jonkman,4135
Holland,van der Kamp,4119
Holland,Witteveen,4119
Holland,Douma,4098
Holland,Kerkhof,4090
Holland,Kusters,4078
Holland,Scheffer,4073
Holland,van Erp,4071
Holland,de Man,4067
Holland,Mertens,4032
Holland,Snijder,4030
Holland,Kloosterman,4027
Holland,Stoop,4016
Holland,de Klerk,4015
Holland,Smid,4014
Holland,Kremer,4011
Holland,Verburg,3992
Holland,de Kort,3988
Holland,Reitsma,3984
Holland,van der Wiel,3976
Holland,Tol,3970
Holland,Hollander,3969
Holland,van Schie,3968
Holland,Bijlsma,3967
Holland,Ros,3967
Holland,van Tilburg,3962
Holland,Verheij,3942
Holland,Zwaan,3942
Holland,Goedhart,3928
Holland,Hamers,3928
Holland,van Esch,3913
Holland,Troost,3906
Holland,Veltman,3898
Holland,Nijhof,3896
Holland,van Soest,3891
Holland,Witte,3890
Holland,Claassen,3873
Holland,Wijnands,3868
Holland,de Weerd,3826
Holland,ter Haar,3820
Holland,van der Meij,3799
Holland,de Bie,3794
Holland,Pennings,3792
Holland,de Heer,3784
Holland,Buis,3782
Holland,Klok,3780
Holland,Zuidema,3774
Holland,Cox,3772
Holland,van Boxtel,3768
Holland,van Delft,3766
Holland,Stegeman,3764
Holland,Akkerman,3760
Holland,Elzinga,3760
Holland,van Schijndel,3755
Holland,Schmitz,3753
Holland,Mensink,3744
Holland,Meijerink,3739
Holland,Weber,3737
Holland,Bol,3734
Holland,Heijmans,3722
Holland,Snoek,3718
Holland,Beek,3717
Holland,Koelewijn,3716
Holland,Brugman,3715
Holland,Cremers,3705
Holland,Spaans,3702
Holland,van Rijswijk,3700
Holland,de Zeeuw,3686
Holland,Hendrikx,3686
Holland,Donkers,3684
Holland,Donker,3680
Holland,Vogels,3675
Holland,Schuurmans,3674
Holland,van Mierlo,3673
Holland,van Santen,3644
Holland,de Bruyn,3643
Holland,Braam,3633
Holland,Hermsen,3628
Holland,Schrijver,3619
Holland,van Hal,3618
Holland,van Buuren,3611
Holland,Nijssen,3603
Holland,Polman,3601
Holland,Bax,3593
Holland,den Hartog,3583
Holland,van der Weide,3578
Holland,van Engelen,3574
Holland,van Gent,3571
Holland,van Hout,3567
Holland,Koolen,3563
Holland,van der Bos,3558
Holland,Ooms,3546
Holland,Reijnders,3542
Holland,Hendrix,3539
Holland,Bergman,3534
Holland,Raaijmakers,3514
Holland,van der Zwan,3513
Holland,Wever,3512
Holland,Krol,3503
Holland,van Kooten,3502
Holland,Hulshof,3491
Holland,Verschuren,3485
Holland,Linders,3483
Holland,Griffioen,3479
Holland,Krijgsman,3465
Holland,van der Werff,3463
Holland,den Boer,3461
Portugal,Silva,283326
Portugal,Santos,222145
Portugal,Ferreira,191083
Portugal,Pereira,173391
Portugal,Costa,154689
Portugal,Oliveira,145961
Portugal,Martins,138290
Portugal,Rodrigues,138045
Portugal,Sousa,130534
Portugal,Fernandes,119777
Portugal,Lopes,111030
Portugal,Gonçalves,107963
Portugal,Marques,107945
Portugal,Gomes,105812
Portugal,Ribeiro,105812
Portugal,Carvalho,104425
Portugal,Almeida,102349
Portugal,Pinto,101868
Portugal,Alves,93800
Portugal,Dias,85506
Portugal,Teixeira,79807
Portugal,Correia,78533
Portugal,Mendes,72344
Portugal,Soares,66880
Portugal,Vieira,65390
Portugal,Monteiro,65333
Portugal,Moreira,64267
Portugal,Cardoso,64021
Portugal,Duarte,63125
Portugal,Nunes,62304
Portugal,Rocha,55680
Portugal,Coelho,53859
Portugal,Neves,52321
Portugal,Reis,52321
Portugal,Pires,50141
Portugal,Cunha,49170
Portugal,Machado,47056
Portugal,Matos,47056
Portugal,Fonseca,46037
Portugal,Ramos,45235
Portugal,Tavares,44537
Portugal,Freitas,43989
Portugal,Simões,43102
Portugal,Cruz,42970
Portugal,Antunes,41045
Portugal,Figueiredo,40111
Portugal,Barbosa,38630
Portugal,Castro,37526
Portugal,Araújo,37196
Portugal,Azevedo,37196
Portugal,Lima,36818
Portugal,Lourenço,34195
Portugal,Faria,32327
Portugal,Morais,31987
Portugal,Andrade,31411
Portugal,Henriques,31261
Portugal,Mota,31242
Portugal,Pinheiro,30600
Portugal,Afonso,30506
Portugal,Barros,29524
Portugal,Miranda,28307
Portugal,Baptista,28251
Portugal,Melo,27703
Portugal,Guerreiro,27694
Portugal,Nogueira,27401
Portugal,Abreu,27279
Portugal,Borges,26722
Portugal,Brito,26156
Portugal,Campos,26052
Portugal,Vaz,26024
Portugal,Rosa,25910
Portugal,Maia,25807
Portugal,Esteves,25354
Portugal,Batista,25080
Portugal,Moura,24854
Portugal,Amaral,24448
Portugal,Gaspar,23174
Portugal,Leite,23061
Portugal,Jorge,22740
Portugal,Neto,22599
Portugal,Gouveia,22042
Portugal,Jesus,21985
Portugal,Branco,21976
Portugal,Valente,21900
Portugal,Pedro,21787
Portugal,Pinho,21466
Portugal,Loureiro,20485
Portugal,Filipe,19853
Portugal,Cabral,19607
Portugal,Luís,19570
Portugal,Miguel,19041
Portugal,Rebelo,18853
Portugal,Macedo,18834
Portugal,Garcia,18626
Portugal,Couto,18286
Portugal,Amorim,18126
Portugal,Nascimento,18117
Portugal,Leal,18098
Portugal,Guimarães,17984
Portugal,Vicente,17881
Portugal,Paiva,17447
Portugal,Bastos,17399
Portugal,Vasconcelos,17305
Portugal,Matias,16937
Portugal,Bento,16890
Portugal,Pacheco,16871
Portugal,Carneiro,16777
Portugal,Cordeiro,16767
Portugal,Sequeira,16701
Portugal,Domingues,16588
Portugal,Guedes,16588
Portugal,Mateus,16588
Portugal,Saraiva,16116
Portugal,Coutinho,15814
Portugal,Sampaio,15767
Portugal,Morgado,15654
Portugal,Peixoto,15644
Portugal,Manuel,15626
Portugal,Lemos,15512
Portugal,Madeira,15352
Portugal,Aguiar,15220
Portugal,Mendonça,15192
Portugal,Ramalho,14890
Portugal,Caetano,14805
Portugal,Mesquita,14786
Portugal,Serra,14588
Portugal,Godinho,14238
Portugal,Magalhes,14125
Portugal,Francisco,14078
Portugal,Paulo,14059
Portugal,Conceição,14040
Portugal,Torres,14021
Portugal,Ventura,13748
Portugal,Barata,13446
Portugal,Guerra,13267
Portugal,Domingos,13106
Portugal,Viegas,13097
Portugal,Franco,12965
Portugal,Braga,12927
Portugal,Pimenta,12908
Portugal,Bernardo,12889
Portugal,Brandão,12880
Portugal,Raposo,12578
Portugal,Freire,12370
Portugal,Pais,12351
Portugal,Trindade,12351
Portugal,Martinho,12257
Portugal,António,12163
Portugal,Magalhaes,12031
Portugal,Palma,11955
Portugal,Dinis,11927
Portugal,Veiga,11927
Portugal,Roque,11889
Portugal,Alexandre,11729
Portugal,Caldeira,11663
Portugal,Vale,11370
Portugal,Figueira,11153
Portugal,Barroso,11106
Portugal,Viana,11096
Portugal,Carreira,11030
Portugal,Carmo,10983
Portugal,Albuquerque,10945
Portugal,da Silva,10917
Portugal,Medeiros,10879
Portugal,Botelho,10851
Portugal,Pina,10832
Portugal,Lobo,10625
Portugal,Nobre,10577
Portugal,Carlos,10559
Portugal,Amaro,10540
Portugal,Inácio,10511
Portugal,Graça,10408
Portugal,Xavier,10294
Portugal,Sá,10247
Portugal,Gil,10143
Portugal,Lucas,10068
Portugal,Marinho,9898
Portugal,Cerqueira,9672
Portugal,Ferrão,9662
Portugal,Luíz,9643
Portugal,Fontes,9558
Portugal,Pimentel,9521
Portugal,Silveira,9521
Portugal,Teles,9379
Portugal,Veloso,9285
Portugal,Diogo,9247
Portugal,Ferraz,9228
Portugal,Queirós,9077
Portugal,Resende,8964
Portugal,André,8926
Portugal,Abrantes,8870
Portugal,Augusto,8804
Portugal,Barreto,8785
Portugal,Magalhães,8700
Portugal,Farinha,8681
Portugal,Calado,8511
Portugal,Patrício,8388
Portugal,Pedrosa,8360
Portugal,Louro,8303
Portugal,Meireles,8275
Portugal,Gama,8219
Portugal,Chaves,8209
Portugal,Coimbra,8162
Portugal,Salgado,8086
Portugal,Rego,8039
Portugal,Varela,8039
Portugal,Silvestre,8011
Portugal,Delgado,7954
Portugal,de Sousa,7917
Portugal,Sobral,7898
Portugal,Felix,7888
Portugal,Pestana,7803
Portugal,Salgueiro,7794
Portugal,Catarino,7690
Portugal,Ricardo,7643
Portugal,Agostinho,7549
Portugal,José,7520
Portugal,Furtado,7416
Portugal,Candeias,7332
Portugal,Bessa,7313
Portugal,Moutinho,7247
Portugal,Grilo,7162
Portugal,Fialho,7096
Portugal,Menezes,7048
Portugal,Cabrita,7001
Portugal,Novais,7001
Portugal,Sa,6926
Portugal,dos Santos,6869
Portugal,Belo,6841
Portugal,Horta,6699
Portugal,Faustino,6690
Portugal,Mestre,6662
Portugal,Braz,6643
Portugal,Castanheira,6596
Portugal,Jacinto,6596
Portugal,Salvador,6558
Portugal,Paulino,6530
Portugal,Rosado,6492
Portugal,Paixão,6454
Portugal,Péres,6445
Portugal,Vitorino,6416
Portugal,Fidalgo,6407
Portugal,Santana,6407
Portugal,Seabra,6407
Portugal,Veríssimo,6350
Portugal,Rosário,6312
Portugal,Madureira,6265
Portugal,Sanches,6265
Portugal,Lisboa,6237
Portugal,Parreira,6218
Portugal,Tomás,6199
Portugal,Camacho,6190
Portugal,Cavaco,6190
Portugal,Isabel,6180
Portugal,Pontes,6162
Portugal,Vilela,6124
Portugal,Cristina,6114
Portugal,Jose,6077
Portugal,Paula,6067
Portugal,Sofia,5982
Portugal,Bettencourt,5963
Portugal,Aires,5926
Portugal,Anjos,5850
Portugal,Amado,5822
Portugal,Barradas,5812
Portugal,Pedroso,5794
Portugal,Serrano,5784
Portugal,Caeiro,5737
Portugal,Moniz,5727
Portugal,Seixas,5718
Portugal,Jardim,5690
Portugal,Passos,5690
Portugal,Pessoa,5643
Portugal,Tomé,5605
Portugal,Pai,5586
Portugal,Raimundo,5586
Portugal,David,5577
Portugal,Portela,5539
Portugal,Gameiro,5482
Portugal,Queiroz,5454
Portugal,Barreira,5444
Portugal,Quaresma,5416
Portugal,Custódio,5388
Portugal,Galvâo,5350
Portugal,Bernardino,5341
Portugal,Quintas,5341
Portugal,Dantas,5331
Portugal,Henrique,5331
Portugal,Mira,5312
Portugal,Ana,5284
Portugal,Simão,5275
Portugal,Semedo,5265
Portugal,Conde,5152
Portugal,Prata,5124
Portugal,Barreiros,5114
Portugal,Aleixo,5105
Portugal,Fernando,5105
Portugal,Fragoso,5020
Portugal,Bandeira,5001
Portugal,Meneses,5001
Portugal,Romão,5001
Portugal,Caldas,4991
Portugal,Leitao,4991
Portugal,Santiago,4963
Portugal,Marcelino,4944
Portugal,Carrilho,4935
Portugal,Sarmento,4935
Portugal,Castelo,4916
Portugal,Diniz,4916
Portugal,Alberto,4888
Portugal,França,4850
Portugal,Malheiro,4831
Portugal,Ruivo,4784
Portugal,Osório,4774
Portugal,Joaquim,4765
Portugal,Vidal,4756
Portugal,Mata,4737
Portugal,Mascarenhas,4718
Portugal,Lino,4671
Portugal,Proença,4595
Portugal,Nelson,4586
Portugal,Frade,4539
Portugal,da Costa,4539
Portugal,Clemente,4510
Portugal,Bernardes,4501
Portugal,Rita,4482
Portugal,Rafael,4473
Portugal,Lacerda,4463
Portugal,Baltazar,4425
Portugal,de Almeida,4425
Portugal,Câmara,4416
Portugal,Souza,4397
Portugal,de Olíveira,4369
Portugal,Brites,4350
Portugal,Ponte,4350
Portugal,Crespo,4322
Portugal,Novo,4322
Portugal,Noronha,4284
Portugal,Pascoal,4256
Portugal,Moita,4218
Portugal,Joao,4189
Portugal,Maurício,4171
Portugal,Parente,4161
Portugal,Meira,4142
Portugal,Batalha,4114
Portugal,Leão,4114
Portugal,Laranjeira,4086
Portugal,Leitão,4086
Portugal,Gabriel,4076
Portugal,Claro,4057
Portugal,Manso,4020
Portugal,Saldanha,4001
Portugal,Geraldes,3991
Portugal,Fraga,3982
Portugal,Garrido,3963
Portugal,Casimiro,3897
Portugal,Valentim,3888
Portugal,Narciso,3878
Portugal,Vilhena,3878
Portugal,Espírito,3859
Portugal,Maciel,3859
Portugal,Capela,3850
Belgium,Peeters,41260
Belgium,Janssens,37577
Belgium,Maes,31907
Belgium,Jacobs,25300
Belgium,Mertens,23591
Belgium,Willems,23325
Belgium,Claes,20551
Belgium,Wouters,19874
Belgium,Goossens,19552
Belgium,Dubois,18272
Belgium,de Smet,17411
Belgium,Pauwels,16685
Belgium,Vermeulen,16681
Belgium,Hermans,16474
Belgium,Lambert,16304
Belgium,Aerts,15584
Belgium,Michiels,14989
Belgium,Dupont,14956
Belgium,Martens,13752
Belgium,de Vos,13617
Belgium,Smets,13292
Belgium,Martin,13056
Belgium,van de Velde,13048
Belgium,Desmet,12963
Belgium,Hendrickx,12787
Belgium,van Damme,12718
Belgium,Claeys,12711
Belgium,Devos,12519
Belgium,Janssen,12407
Belgium,Stevens,12295
Belgium,Dumont,11848
Belgium,de Clercq,11742
Belgium,de Backer,11549
Belgium,Segers,11432
Belgium,Lemmens,11198
Belgium,Leroy,11065
Belgium,van den Broeck,10986
Belgium,Coppens,10801
Belgium,Simon,10393
Belgium,Wauters,10108
Belgium,Laurent,10094
Belgium,Leclercq,10066
Belgium,Renard,9745
Belgium,Denis,9549
Belgium,Verhoeven,9356
Belgium,Lejeune,9311
Belgium,Cools,8980
Belgium,Declercq,8920
Belgium,de Cock,8748
Belgium,Petit,8726
Belgium,Charlier,8725
Belgium,Thomas,8701
Belgium,Lemaire,8647
Belgium,Smet,8522
Belgium,Timmermans,8488
Belgium,de Smedt,8397
Belgium,de Meyer,8374
Belgium,Michel,8303
Belgium,Vandenberghe,8284
Belgium,Thys,8154
Belgium,Bertrand,8115
Belgium,de Ridder,8106
Belgium,Lenaerts,8072
Belgium,Cornelis,8037
Belgium,de Wilde,8021
Belgium,Bauwens,7993
Belgium,de Pauw,7990
Belgium,Verheyen,7973
Belgium,van den Bossche,7901
Belgium,Lefebvre,7897
Belgium,Mathieu,7863
Belgium,Carlier,7854
Belgium,Evrard,7826
Belgium,Baert,7759
Belgium,Verstraete,7750
Belgium,Moens,7698
Belgium,Lauwers,7661
Belgium,Bernard,7633
Belgium,Lambrechts,7616
Belgium,Bosmans,7434
Belgium,Bogaert,7405
Belgium,Geerts,7388
Belgium,Fontaine,7375
Belgium,Bogaerts,7264
Belgium,Verlinden,7262
Belgium,Gerard,7243
Belgium,Christiaens,7096
Belgium,Deprez,7071
Belgium,Verbeke,7015
Belgium,Vermeiren,7009
Belgium,Verschueren,6920
Belgium,Marchal,6918
Belgium,Beckers,6886
Belgium,Delvaux,6885
Belgium,Legrand,6884
Belgium,Jansen,6860
Belgium,Wuyts,6760
Belgium,Adam,6751
Belgium,Simons,6664
Belgium,Verstraeten,6605
Belgium,Collard,6562
Belgium,Moreau,6559
Belgium,Verhaeghe,6522
Belgium,Claessens,6484
Belgium,Mahieu,6454
Belgium,Vermeersch,6453
Belgium,Vandamme,6441
Belgium,Thijs,6374
Belgium,Nijs,6356
Belgium,Henry,6328
Belgium,Robert,6285
Belgium,Lefevre,6269
Belgium,Jacques,6214
Belgium,Pieters,6205
Belgium,Thiry,6195
Belgium,Heylen,6158
Belgium,van Hoof,6151
Belgium,de Groote,6123
Belgium,D'Hondt,6102
Belgium,Verhaegen,6074
Belgium,Ceulemans,6060
Belgium,van Dyck,6043
Belgium,Goethals,6042
Belgium,Lievens,5990
Belgium,François,5981
Belgium,Vandevelde,5975
Belgium,Callens,5964
Belgium,de Coster,5958
Belgium,Noel,5925
Belgium,van Hove,5909
Belgium,van Hecke,5885
Belgium,Servais,5854
Belgium,Raes,5842
Belgium,Bastin,5822
Belgium,de Bruyn,5807
Belgium,Leemans,5792
Belgium,de Coninck,5745
Belgium,Verbruggen,5730
Belgium,Parmentier,5687
Belgium,Dierckx,5672
Belgium,Vercruysse,5620
Belgium,Gillet,5613
Belgium,Verhelst,5602
Belgium,van Acker,5594
Belgium,Roels,5570
Belgium,Vercammen,5570
Belgium,Hubert,5553
Belgium,Lebrun,5544
Belgium,Gielen,5521
Belgium,Luyten,5514
Belgium,Somers,5514
Belgium,Rousseau,5499
Belgium,Guillaume,5493
Belgium,Cuypers,5457
Belgium,Descamps,5453
Belgium,Daems,5428
Belgium,Matthys,5394
Belgium,de Decker,5390
Belgium,Toussaint,5361
Belgium,Vandewalle,5357
Belgium,Mortier,5349
Belgium,Goffin,5345
Belgium,Vercauteren,5333
Belgium,Verdonck,5332
Belgium,Herman,5323
Belgium,Swinnen,5323
Belgium,van den Bergh,5315
Belgium,Smeets,5286
Belgium,Andries,5258
Belgium,de Bruyne,5239
Belgium,Louis,5238
Belgium,Collin,5233
Belgium,van den Berghe,5230
Belgium,Huybrechts,5199
Belgium,Vervoort,5180
Belgium,Peters,5174
Belgium,de Witte,5170
Belgium,Michaux,5135
Belgium,Nys,5112
Belgium,Verbeeck,5105
Belgium,de Winter,5078
Belgium,de Keyser,5071
Belgium,Meert,5061
Belgium,de Bock,5055
Belgium,Vanneste,5053
Belgium,Declerck,5042
Belgium,Vos,5034
Belgium,Antoine,4995
Belgium,van Den Eynde,4976
Belgium,Cornet,4972
Belgium,Dierickx,4940
Belgium,de Boeck,4928
Belgium,Verhulst,4926
Belgium,Claus,4911
Belgium,Verheyden,4907
Belgium,Dewulf,4904
Belgium,van Daele,4846
Belgium,Coenen,4834
Belgium,de Wolf,4833
Belgium,Moons,4820
Belgium,Huysmans,4819
Belgium,Jans,4809
Belgium,Geens,4789
Belgium,Deckers,4762
Belgium,Poncelet,4750
Belgium,Remy,4750
Belgium,Smits,4724
Belgium,Vanhove,4706
Belgium,Baeyens,4696
Belgium,Lecomte,4696
Belgium,de Clerck,4683
Belgium,de Waele,4683
Belgium,Reynders,4682
Belgium,de Wit,4653
Belgium,Engelen,4647
Belgium,van den Bosch,4587
Belgium,Dhondt,4584
Belgium,Meeus,4576
Belgium,Libert,4572
Belgium,Vandenbussche,4541
Belgium,van Goethem,4528
Belgium,Decoster,4523
Belgium,Cuvelier,4469
Belgium,Lacroix,4468
Belgium,Vandeputte,4465
Belgium,Vanhoutte,4460
Belgium,Engels,4450
Belgium,David,4445
Belgium,Massart,4434
Belgium,Luyckx,4394
Belgium,Vandendriessche,4379
Belgium,Gilson,4374
Belgium,Dujardin,4373
Belgium,Heymans,4359
Belgium,de Greef,4355
Belgium,Delhaye,4352
Belgium,Schepers,4349
Belgium,Schmitz,4329
Belgium,Houben,4326
Belgium,van Camp,4325
Belgium,Sterckx,4321
Belgium,Meunier,4312
Belgium,Francois,4292
Belgium,Joris,4280
Belgium,Garcia,4274
Belgium,Maertens,4272
Belgium,Eeckhout,4268
Belgium,Goris,4268
Belgium,Vaes,4259
Belgium,van de Walle,4218
Belgium,Temmerman,4215
Belgium,Decock,4213
Belgium,Bekaert,4183
Belgium,Vandenbroucke,4178
Belgium,van den Brande,4162
Belgium,Vermeire,4140
Belgium,de Moor,4113
Belgium,de Schepper,4103
Belgium,Vincent,4100
Belgium,Huyghe,4092
Belgium,Leonard,4083
Belgium,Piette,4065
Belgium,Dewaele,4047
Belgium,de Paepe,4041
Belgium,van de Voorde,4034
Belgium,Bollen,4033
Belgium,Debruyne,4032
Belgium,Bodart,4024
Belgium,Desmedt,4021
Belgium,Roland,4010
Belgium,Boulanger,3981
Belgium,Bourgeois,3972
Belgium,Gérard,3970
Belgium,Lambrecht,3970
Belgium,Georges,3969
Belgium,Piron,3960
Belgium,Moerman,3953
Belgium,van Belle,3948
Belgium,Gilles,3926
Belgium,Ooms,3926
Belgium,de Jonghe,3919
Belgium,Hardy,3911
Belgium,Nuyts,3876
Belgium,van Roy,3873
Belgium,Bracke,3871
Belgium,Pierre,3870
Belgium,Baeten,3867
Belgium,André,3858
Belgium,Merckx,3855
Belgium,Vandaele,3826
Belgium,van Herck,3819
Belgium,Blomme,3818
Belgium,Delfosse,3814
Belgium,Boonen,3808
Belgium,Everaert,3784
Belgium,Brasseur,3783
Belgium,Schepens,3782
Belgium,Vranken,3779
Belgium,van Looy,3778
Belgium,Etienne,3760
Belgium,Marien,3756
Belgium,Torfs,3751
Belgium,Vanderstraeten,3738
Belgium,Boone,3732
Belgium,Vrancken,3703
Belgium,Dethier,3691
Belgium,Borremans,3680
Belgium,Lecocq,3678
Belgium,Vanderlinden,3677
Belgium,Callewaert,3669
Belgium,van Driessche,3666
Belgium,Collignon,3665
Belgium,Daniels,3665
Belgium,Dufour,3664
Belgium,van Dijck,3656
Belgium,de Laet,3650
Belgium,Jacob,3642
Belgium,Verbist,3638
Belgium,Tanghe,3597
Belgium,Helsen,3589
Belgium,Driesen,3579
Belgium,Govaerts,3572
Belgium,Verelst,3570
Belgium,Diallo,3568
Belgium,van Assche,3552
Belgium,Bonte,3548
Belgium,Marechal,3548
Belgium,de Bie,3543
Belgium,Pirotte,3529
Belgium,de Block,3524
Belgium,Fernandez,3495
Belgium,Poppe,3470
Belgium,Nicolas,3465
Belgium,Colson,3460
Belgium,Masson,3458
Belgium,Pirard,3454
Belgium,Hoste,3444
Belgium,de Roeck,3432
Belgium,Theys,3432
Belgium,Leys,3411
Belgium,Wellens,3388
Belgium,Vanderheyden,3380
Belgium,Pollet,3372
Belgium,Buelens,3364
Belgium,Stas,3363
Belgium,Jonckheere,3360
Belgium,Leysen,3360
Belgium,Baetens,3353
Belgium,Bodson,3346
Belgium,Carpentier,3346
Belgium,de Maeyer,3328
Belgium,van Loo,3314
Belgium,Geeraerts,3313
Belgium,van Laere,3310
Belgium,van Rompaey,3294
Belgium,Renders,3283
Belgium,Vandekerckhove,3277
Belgium,Mercier,3274
Belgium,Moors,3255
Belgium,op de Beeck,3254
Belgium,Tack,3251
Belgium,Pattyn,3249
Belgium,Gregoire,3243
Belgium,Cambier,3236
Belgium,Urbain,3233
Belgium,Naessens,3220
Belgium,Chevalier,3209
Belgium,Vandecasteele,3191
Belgium,van Dessel,3189
Belgium,Philips,3181
Belgium,Piret,3181
Belgium,Allard,3174
Belgium,Jacquet,3174
Belgium,Olivier,3151
Belgium,Callebaut,3143
Belgium,Marchand,3143
Belgium,Delcourt,3134
Belgium,Deconinck,3130
Belgium,Dobbelaere,3128
Belgium,Gillard,3124
Belgium,Muller,3113
Belgium,Nguyen,3100
Belgium,Pirson,3099
Belgium,Mestdagh,3089
Belgium,Seghers,3083
Belgium,Viaene,3079
Belgium,Lippens,3074
Belgium,Thirion,3061
Belgium,de Baets,3056
Belgium,de Neve,3056
Belgium,Jacquemin,3045
Belgium,de Vuyst,3043
Belgium,Berger,3035
Belgium,Denys,3021
Belgium,Roose,3018
Belgium,Gobert,3015
Belgium,Goovaerts,3011
Belgium,Roelandt,3011
Belgium,Melis,3009
Belgium,Verboven,2997
Belgium,Vansteenkiste,2995
Belgium,Cordier,2994
Belgium,Arnould,2989
Belgium,Staelens,2985
Belgium,van Gorp,2984
Belgium,Cox,2982
Belgium,de Sutter,2972
Belgium,Hanssens,2966
Belgium,Stroobants,2966
Belgium,Heyvaert,2960
Belgium,Colin,2958
Belgium,Gillis,2954
Belgium,Demoulin,2953
Belgium,Dewitte,2946
Belgium,Smolders,2946
Belgium,Bruyninckx,2933
Belgium,Thibaut,2929
Belgium,de Schrijver,2928
Belgium,Depoorter,2923
Belgium,Philippe,2922
Belgium,Vereecken,2919
Belgium,Laenen,2914
Belgium,Bourguignon,2891
Belgium,de Meester,2886
Belgium,Delmotte,2882
Belgium,Loos,2881
Belgium,Barbier,2875
Belgium,Collet,2874
Belgium,Buysse,2858
Belgium,Van Loon,2855
Belgium,Michielsen,2851
Belgium,Lenoir,2849
Belgium,de Wachter,2848
Belgium,Remacle,2845
Belgium,van Lierde,2833
Belgium,van den Heuvel,2832
Belgium,Clement,2830
Belgium,Bruneel,2826
Belgium,Heremans,2819
Belgium,Gonzalez,2815
Belgium,Godart,2809
Belgium,van der Linden,2807
Belgium,Hellemans,2805
Belgium,van Gestel,2800
Belgium,Mees,2799
Belgium,Boon,2792
Belgium,Buyse,2788
Belgium,Durieux,2786
Belgium,Rutten,2786
Belgium,Roosen,2785
Belgium,de Cuyper,2784
Belgium,Léonard,2782
Belgium,van Campenhout,2780
Belgium,Horemans,2773
Belgium,de Graeve,2771
Belgium,Legros,2769
Belgium,Noël,2769
Belgium,Willaert,2769
Belgium,Celis,2756
Belgium,Steyaert,2749
Belgium,Bruggeman,2748
Belgium,Dejonghe,2747
Belgium,Brouwers,2741
Belgium,Sabbe,2741
Belgium,van der Auwera,2741
Belgium,Franck,2738
Belgium,Dumoulin,2736
Belgium,Paquet,2736
Belgium,Huys,2732
Belgium,Put,2731
Belgium,de Schutter,2729
Belgium,Pierard,2729
Belgium,Colpaert,2721
Belgium,Demuynck,2714
Belgium,Orban,2688
Belgium,Dekeyser,2685
Belgium,Liekens,2674
Belgium,Lammens,2673
Belgium,Fierens,2672
Belgium,de Bondt,2659
Belgium,van Laer,2658
Belgium,Rodriguez,2653
Belgium,Dillen,2642
Belgium,Reynaert,2642
Belgium,Bertels,2640
Belgium,Charles,2632
Belgium,Demeyer,2631
Belgium,Vereecke,2631
Belgium,Casier,2628
Belgium,van Impe,2628
Belgium,Vranckx,2627
Belgium,Schoofs,2624
Belgium,de Mulder,2621
Belgium,Laureys,2617
Belgium,Paulus,2615
Belgium,van Looveren,2615
Belgium,Feys,2612
Belgium,Vinck,2609
Belgium,Depuydt,2597
Belgium,de Mey,2591
Scotland,Smith,64005
Scotland,Brown,46009
Scotland,Wilson,43419
Scotland,Campbell,38926
Scotland,Thomson,38708
Scotland,Robertson,38150
Scotland,Stewart,36608
Scotland,Anderson,34539
Scotland,Scott,27435
Scotland,MacDonald,27052
Scotland,Murray,26955
Scotland,Reid,26220
Scotland,Taylor,24834
Scotland,Clark,23568
Scotland,Ross,21612
Scotland,Morrison,20870
Scotland,Young,20633
Scotland,Mitchell,20520
Scotland,Paterson,20449
Scotland,Watson,20313
Scotland,Walker,19778
Scotland,Fraser,19314
Scotland,Miller,18553
Scotland,Henderson,18450
Scotland,Graham,18281
Scotland,Davidson,17912
Scotland,Gray,17783
Scotland,Hamilton,17686
Scotland,Johnston,17520
Scotland,McDonald,17506
Scotland,Cameron,17312
Scotland,Duncan,17153
Scotland,Kerr,17015
Scotland,Martin,16689
Scotland,Hunter,16615
Scotland,Ferguson,16381
Scotland,Bell,16372
Scotland,Simpson,16034
Scotland,Grant,15817
Scotland,Kelly,15603
Scotland,Allan,15282
Scotland,MacKenzie,15242
Scotland,MacLeod,14561
Scotland,Black,13859
Scotland,MacKay,13670
Scotland,McLean,13653
Scotland,Russell,12401
Scotland,Marshall,12243
Scotland,Gibson,12179
Scotland,Wallace,12109
Scotland,Kennedy,12062
Scotland,Gordon,11791
Scotland,Sutherland,11591
Scotland,Milne,11382
Scotland,Burns,11211
Scotland,Wright,11174
Scotland,Stevenson,10895
Scotland,Wood,10778
Scotland,Craig,10750
Scotland,Johnstone,10634
Scotland,Muir,10539
Scotland,Watt,10529
Scotland,Munro,10355
Scotland,Murphy,10330
Scotland,Sinclair,10180
Scotland,White,10137
Scotland,McKenzie,10121
Scotland,Hughes,9943
Scotland,Ritchie,9934
Scotland,Jones,9908
Scotland,Cunningham,9646
Scotland,McKay,9591
Scotland,Millar,9471
Scotland,McMillan,9413
Scotland,McIntosh,9218
Scotland,Williamson,9189
Scotland,Bruce,9139
Scotland,Dickson,9127
Scotland,Crawford,9060
Scotland,Docherty,8969
Scotland,Douglas,8814
Scotland,MacLean,8446
Scotland,Fleming,8358
Scotland,Boyle,8261
Scotland,McGregor,8163
Scotland,Shaw,8133
Scotland,Christie,7989
Scotland,King,7978
Scotland,Jamieson,7735
Scotland,McLaughlin,7618
Scotland,Alexander,7612
Scotland,Lindsay,7571
Scotland,McIntyre,7543
Scotland,Aitken,7524
Scotland,Hay,7478
Scotland,Jackson,7445
Scotland,Hill,7362
Scotland,Currie,7356
Scotland,Williams,7252
Scotland,Forbes,7135
Scotland,Boyd,7057
Scotland,MacKie,7014
Scotland,Moore,7011
Scotland,Rae,6980
Scotland,Thompson,6970
Scotland,Hall,6870
Scotland,Donaldson,6865
Scotland,Findlay,6823
Scotland,McLeod,6731
Scotland,McFarlane,6689
Scotland,Whyte,6685
Scotland,Ramsay,6649
Scotland,Reilly,6536
Scotland,Weir,6470
Scotland,Nicol,6447
Scotland,Irvine,6384
Scotland,Adams,6373
Scotland,Quinn,6373
Scotland,McCallum,6365
Scotland,Green,6302
Scotland,Cook,6249
Scotland,Buchanan,6240
Scotland,Ward,6237
Scotland,Cairns,6223
Scotland,Paton,6193
Scotland,Blair,6168
Scotland,Cooper,6144
Scotland,Tait,6118
Scotland,Armstrong,6097
Scotland,O'Neill,6082
Scotland,Hutchison,6068
Scotland,Gallagher,6020
Scotland,Rennie,5980
Scotland,McCulloch,5929
Scotland,Bain,5925
Scotland,Logan,5922
Scotland,Chalmers,5894
Scotland,Gallacher,5877
Scotland,Strachan,5834
Scotland,McEwan,5823
Scotland,Turner,5791
Scotland,Duffy,5779
Scotland,Beattie,5760
Scotland,Cowan,5740
Scotland,McLaren,5724
Scotland,Donnelly,5719
Scotland,O'Donnell,5715
Scotland,Lawson,5557
Scotland,Baird,5540
Scotland,Buchan,5451
Scotland,Hendry,5430
Scotland,Morris,5335
Scotland,Murdoch,5334
Scotland,Barr,5305
Scotland,Dunn,5296
Scotland,Richardson,5295
Scotland,Jack,5240
Scotland,Forsyth,5236
Scotland,Collins,5223
Scotland,Barclay,5207
Scotland,Maxwell,5186
Scotland,McGowan,5185
Scotland,MacPherson,5130
Scotland,Welsh,5127
Scotland,Johnson,5118
Scotland,Gilmour,5115
Scotland,Hogg,5088
Scotland,Nelson,5065
Scotland,Laing,5010
Scotland,Baxter,4998
Scotland,Innes,4991
Scotland,Stephen,4958
Scotland,Kane,4953
Scotland,Webster,4929
Scotland,Donald,4917
Scotland,Morgan,4910
Scotland,Roberts,4901
Scotland,Robinson,4899
Scotland,Dick,4849
Scotland,Gillespie,4827
Scotland,Park,4799
Scotland,McGuire,4790
Scotland,Davies,4789
Scotland,Stuart,4766
Scotland,Moffat,4746
Scotland,Robb,4717
Scotland,Lee,4689
Scotland,Sharp,4668
Scotland,Higgins,4667
Scotland,Spence,4663
Scotland,McAllister,4652
Scotland,Drummond,4626
Scotland,McCann,4609
Scotland,McKenna,4576
Scotland,Harvey,4557
Scotland,Orr,4555
Scotland,MacKinnon,4522
Scotland,Houston,4477
Scotland,McBride,4477
Scotland,Harris,4476
Scotland,Todd,4473
Scotland,Clarke,4460
Scotland,Greig,4456
Scotland,Little,4451
Scotland,MacFarlane,4450
Scotland,Sneddon,4435
Scotland,Turnbull,4429
Scotland,Gillies,4389
Scotland,Forrest,4379
Scotland,Evans,4366
Scotland,McPherson,4354
Scotland,McArthur,4336
Scotland,Lynch,4322
Scotland,Fisher,4244
Scotland,Cochrane,4243
Scotland,Inglis,4210
Scotland,Thomas,4202
Scotland,Law,4180
Scotland,Patterson,4177
Scotland,Morton,4171
Scotland,McDougall,4167
Scotland,Cowie,4127
Scotland,Montgomery,4111
Scotland,Sweeney,4103
Scotland,Harrison,4089
Scotland,Gibb,4063
Scotland,Harper,4013
Scotland,Main,4012
Scotland,Bennett,3996
Scotland,Adam,3995
Scotland,MacGregor,3988
Scotland,Edwards,3984
Scotland,Burnett,3974
Scotland,McCabe,3968
Scotland,Mason,3956
Scotland,Baillie,3939
Scotland,Pollock,3923
Scotland,Leslie,3906
Scotland,Dunlop,3894
Scotland,Phillips,3873
Scotland,Dawson,3854
Scotland,Laird,3852
Scotland,Allison,3832
Scotland,Steele,3787
Scotland,O'Brien,3775
Scotland,Gardiner,3748
Scotland,Parker,3737
Scotland,Noble,3714
Scotland,Smart,3708
Scotland,Cumming,3706
Scotland,McMahon,3702
Scotland,Downie,3690
Scotland,Cassidy,3689
Scotland,Urquhart,3688
Scotland,Love,3669
Scotland,Galloway,3655
Scotland,Rankin,3655
Scotland,Duff,3651
Scotland,Devlin,3638
Scotland,Gardner,3635
Scotland,Doherty,3628
Scotland,MacRae,3626
Scotland,Shearer,3621
Scotland,MacMillan,3618
Scotland,Cruickshank,3617
Scotland,Pearson,3614
Scotland,Rodger,3610
Scotland,Mullen,3608
Scotland,Shepherd,3599
Scotland,Milligan,3596
Scotland,McNeill,3568
Scotland,Stirling,3559
Scotland,McGhee,3554
Scotland,Nicholson,3526
Scotland,Low,3509
Scotland,Lewis,3486
Scotland,Connelly,3475
Scotland,Petrie,3463
Scotland,Gunn,3458
Scotland,Mair,3445
Scotland,Shields,3442
Scotland,Kirk,3422
Scotland,Malcolm,3394
Scotland,Bradley,3382
Scotland,McCormack,3357
Scotland,Wilkie,3346
Scotland,Geddes,3330
Scotland,Connor,3328
Scotland,Moir,3323
Scotland,Falconer,3320
Scotland,McGill,3316
Scotland,Knox,3302
Scotland,Hardie,3297
Scotland,Fulton,3284
Scotland,Hannah,3277
Scotland,Carr,3274
Scotland,Gilchrist,3265
Scotland,McNeil,3264
Scotland,Swan,3263
Scotland,Mills,3257
Scotland,Ali,3229
Scotland,Woods,3228
Scotland,Livingstone,3196
Scotland,Coyle,3178
Scotland,Porter,3173
Scotland,McLachlan,3165
Scotland,Adamson,3157
Scotland,Carmichael,3144
Scotland,Sim,3143
Scotland,Grieve,3140
Scotland,Calder,3127
Scotland,Carroll,3125
Scotland,McCormick,3119
Scotland,Singh,3118
Scotland,Nisbet,3114
Scotland,MacLennan,3113
Scotland,Davis,3109
Scotland,Steel,3100
Scotland,Lawrie,3093
Scotland,Howie,3089
Scotland,Lamb,3087
Scotland,Brady,3086
Scotland,Hart,3086
Scotland,Doyle,3072
Scotland,Bryce,3070
Scotland,Lang,3034
Scotland,Devine,3013
Scotland,Hutton,3009
Scotland,Caldwell,3005
Scotland,Mathieson,2994
Scotland,Middleton,2992
Scotland,Reynolds,2972
Scotland,Wylie,2956
Scotland,McLellan,2955
Scotland,Dewar,2947
Scotland,McInnes,2944
Scotland,Menzies,2942
Scotland,Nicolson,2925
Scotland,Pirie,2915
Scotland,Beaton,2886
Scotland,Hepburn,2872
Scotland,Sloan,2869
Scotland,Elliott,2860
Scotland,Lamont,2858
Scotland,Holmes,2855
Scotland,Henry,2843
Scotland,Neilson,2837
Scotland,Neil,2823
Scotland,Keenan,2791
Scotland,Rutherford,2755
Scotland,Matheson,2738
Scotland,Beveridge,2736
Scotland,Ford,2724
Scotland,Halliday,2709
Scotland,Farrell,2702
Scotland,McConnell,2701
Scotland,Hood,2700
Scotland,Kidd,2696
Scotland,Carson,2687
Scotland,Chapman,2675
Scotland,Rooney,2675
Scotland,Chisholm,2665
Scotland,Foster,2655
Scotland,Oliver,2651
Scotland,McKinnon,2646
Scotland,Ballantyne,2643
Scotland,Kay,2643
Scotland,Mooney,2642
Scotland,McCall,2641
Scotland,Jenkins,2637
Scotland,Bremner,2632
Scotland,Easton,2623
Scotland,Curran,2603
Scotland,West,2603
Scotland,McManus,2602
Scotland,Nicoll,2601
Scotland,Fox,2580
Scotland,Ahmed,2577
Scotland,Paul,2576
Scotland,Archibald,2569
Scotland,McCafferty,2565
Scotland,Brodie,2563
Scotland,Penman,2551
Scotland,McPhee,2547
Scotland,McDowall,2545
Scotland,Waddell,2538
Scotland,Gill,2525
Scotland,Dow,2523
Scotland,Ellis,2510
Scotland,Manson,2501
Scotland,Robson,2500
Scotland,Flynn,2499
Scotland,Byrne,2498
Scotland,Finlayson,2493
Scotland,MacKintosh,2491
Scotland,Connolly,2483
Scotland,Allen,2467
Scotland,Leitch,2463
Scotland,Cox,2460
Scotland,Farquhar,2458
Scotland,Glen,2458
Scotland,Coutts,2457
Scotland,Lowe,2439
Scotland,Dunbar,2433
Scotland,Khan,2431
Scotland,Skinner,2426
Scotland,Frew,2416
Scotland,Jardine,2408
Scotland,Roy,2406
Scotland,Lees,2404
Scotland,Elder,2397
Scotland,Speirs,2395
Scotland,Gemmell,2390
Scotland,Fyfe,2388
Scotland,James,2380
Scotland,McColl,2374
Scotland,Finlay,2370
Scotland,Wilkinson,2365
Scotland,Gourlay,2359
Scotland,Rose,2357
Scotland,Daly,2352
Scotland,McKinlay,2350
Scotland,Angus,2346
Scotland,Melville,2341
Scotland,Macaulay,2332
Scotland,Berry,2330
Scotland,Fletcher,2322
Scotland,Mann,2318
Scotland,McDermott,2316
Scotland,FitzPatrick,2315
Scotland,Edgar,2307
Scotland,Bryson,2301
Scotland,Callaghan,2295
Scotland,Walsh,2294
Scotland,Galbraith,2278
Scotland,Rodgers,2277
Scotland,MacDougall,2274
Scotland,Jeffrey,2269
Scotland,Stark,2261
Scotland,Cullen,2260
Scotland,Andrews,2258
Scotland,Barrie,2258
Scotland,Kirkwood,2251
Scotland,Aitchison,2220
Scotland,Burke,2216
Scotland,Guthrie,2216
Scotland,Barnes,2215
Scotland,McKechnie,2215
Scotland,Frame,2214
Scotland,O'Connor,2212
Scotland,Riddell,2208
Scotland,McQueen,2204
Scotland,MacIntyre,2196
Scotland,Hume,2194
Scotland,Carruthers,2191
Scotland,Kemp,2189
Scotland,Baker,2179
Scotland,Palmer,2176
Scotland,Banks,2172
Scotland,Andrew,2169
Scotland,Lawrence,2168
Scotland,Irving,2167
Scotland,Crichton,2160
Scotland,Monaghan,2156
Scotland,Ingram,2149
Scotland,Muirhead,2140
Scotland,Elliot,2129
Scotland,Arthur,2124
Scotland,Meikle,2121
Scotland,Ryan,2115
Scotland,Thom,2110
Scotland,Whitelaw,2105
Scotland,MacIver,2102
Scotland,Keith,2099
Scotland,McCluskey,2096
Scotland,Brennan,2095
Scotland,Moran,2084
Scotland,Conway,2075
Scotland,Small,2068
Scotland,McGrath,2057
Scotland,McKeown,2047
Scotland,Booth,2043
Scotland,Fowler,2042
Scotland,McKee,2035
Scotland,Lockhart,2027
Scotland,Butler,2024
Scotland,McFadyen,2023
Scotland,Slater,2021
Scotland,Ogilvie,2020
Scotland,Bowie,2019
Scotland,Somerville,2018
Scotland,Carter,2017
Scotland,Kyle,2006
Scotland,Horne,2000
Scotland,Lyon,2000
Scotland,Dodds,1996
Scotland,Matthews,1995
Scotland,Laidlaw,1988
Scotland,Connell,1980
Scotland,Goldie,1978
Greece,Papadopoulos,59044
Greece,Papadopoulou,37804
Greece,Papageorgiou,23713
Greece,Oikonomou,21370
Greece,Papadimitriou,19790
Greece,Georgiou,18072
Greece,Papaioannou,17943
Greece,Pappas,17038
Greece,Vasileiou,16793
Greece,Nikolaou,16675
Greece,Karagiannis,15282
Greece,Vlachos,14900
Greece,Antoniou,14828
Greece,Makris,14768
Greece,Papanikolaou,14651
Greece,Dimitriou,14303
Greece,Ioannidis,14117
Greece,Georgiadis,13812
Greece,Triantafyllou,13421
Greece,Papadakis,13206
Greece,Athanasiou,13100
Greece,Konstantinidis,12815
Greece,Ioannou,12492
Greece,Alexiou,11577
Greece,Christodoulou,11556
Greece,Theodorou,11202
Greece,Giannopoulos,10955
Greece,Nikolaidis,10189
Greece,Konstantinou,10077
Greece,Panagiotopoulos,9908
Greece,Michailidis,9905
Greece,Papakonstantinou,9882
Greece,Papathanasiou,9821
Greece,Antonopoulos,9766
Greece,Dimopoulos,9607
Greece,Karagianni,9529
Greece,Anastasiou,9510
Greece,Dimitriadis,9510
Greece,Pappa,9451
Greece,Vlachou,9330
Greece,Vasileiadis,9095
Greece,Giannakopoulos,8855
Greece,Angelopoulos,8792
Greece,Dimou,8727
Greece,Ioannidou,8644
Greece,Nikolopoulos,8641
Greece,Mylonas,8621
Greece,Stergiou,8489
Greece,Apostolou,8463
Greece,Petropoulos,8462
Greece,Lamprou,8405
Greece,Papadaki,8370
Greece,Christou,8357
Greece,Panagiotou,8274
Greece,Anagnostou,8207
Greece,Makri,8192
Greece,Konstantinidou,8101
Greece,Samaras,8094
Greece,Raptis,8088
Greece,Athanasopoulos,8042
Greece,Alexopoulos,8036
Greece,Christopoulos,8029
Greece,Stavropoulos,8018
Greece,Anagnostopoulos,7977
Greece,Markou,7824
Greece,Georgiadou,7772
Greece,Spanos,7657
Greece,Sidiropoulos,7626
Greece,Antoniadis,7575
Greece,Panagopoulos,7492
Greece,Efthymiou,7458
Greece,Spyropoulos,7441
Greece,Theodoropoulos,7353
Greece,Pavlidis,7331
Greece,Athanasiadis,7298
Greece,Apostolopoulos,7279
Greece,Petrou,7135
Greece,Michalopoulos,7097
Greece,Arvanitis,7055
Greece,Lazaridis,7015
Greece,Kontos,6993
Greece,Georgopoulos,6991
Greece,Panagiotidis,6964
Greece,Theodoridis,6962
Greece,Chatzis,6924
Greece,Anastasiadis,6767
Greece,Papavasileiou,6696
Greece,Papazoglou,6673
Greece,Vasilopoulos,6664
Greece,Iliopoulos,6646
Greece,Kostopoulos,6517
Greece,Politis,6483
Greece,Galanis,6473
Greece,Stavrou,6447
Greece,Apostolidis,6443
Greece,Paraskevopoulos,6442
Greece,Giannopoulou,6261
Greece,Diamantis,6168
Greece,Pantazis,6096
Greece,Andreou,6088
Greece,Petridis,6074
Greece,Stathopoulos,6062
Greece,Nikolaidou,6060
Greece,Michailidou,6042
Greece,Dimopoulou,6020
Greece,Mavridis,5968
Greece,Kyriakou,5923
Greece,Grigoriadis,5910
Greece,Efstathiou,5898
Greece,Sideris,5876
Greece,Kyriakidis,5850
Greece,Diamantopoulos,5796
Greece,Panagiotopoulou,5795
Greece,Anastasopoulos,5762
Greece,Savvidis,5754
Greece,Georgakopoulos,5752
Greece,Dimitropoulos,5746
Greece,Vasilakis,5714
Greece,Rizos,5682
Greece,Argyropoulos,5675
Greece,Moraitis,5651
Greece,Sotiropoulos,5643
Greece,Charalampidis,5617
Greece,Iliadis,5616
Greece,Antonopoulou,5597
Greece,Sotiriou,5585
Greece,Lampropoulos,5582
Greece,Chatzigeorgiou,5573
Greece,Angelis,5523
Greece,Nikolopoulou,5420
Greece,Giannakopoulou,5408
Greece,Kollias,5406
Greece,Margaritis,5383
Greece,Vasileiadou,5350
Greece,Katsaros,5335
Greece,Chatzi,5301
Greece,Sarris,5298
Greece,Roussos,5256
Greece,Evangelou,5233
Greece,Fotiadis,5222
Greece,Stefanidis,5179
Greece,Mylona,5170
Greece,Gkikas,5136
Greece,Angelopoulou,5134
Greece,Eleftheriadis,5029
Greece,Kontogiannis,5017
Greece,Dimitriadou,5004
Greece,Samara,4996
Greece,Spyrou,4966
Greece,Stavropoulou,4914
Greece,Petropoulou,4893
Greece,Symeonidis,4892
Greece,Konstantopoulos,4882
Greece,Kalogeropoulos,4881
Greece,Kyriakopoulos,4863
Greece,Filippou,4862
Greece,Vogiatzis,4855
Greece,Athanasopoulou,4850
Greece,Eleftheriou,4832
Greece,Fotopoulos,4812
Greece,Voulgaris,4805
Greece,Christopoulou,4800
Greece,Chatzopoulos,4789
Greece,Spyropoulou,4770
Greece,Argyriou,4756
Greece,Georgopoulou,4725
Greece,Triantafyllidis,4721
Greece,Sakellariou,4700
Greece,Kanellopoulos,4693
Greece,Avramidis,4686
Greece,Athanasiadou,4685
Greece,Spanou,4685
Greece,Sidiropoulou,4681
Greece,Kyriazis,4676
Greece,Papachristou,4659
Greece,Petrakis,4650
Greece,Daskalakis,4617
Greece,Stefanou,4607
Greece,Anagnostopoulou,4590
Greece,Kritikos,4525
Greece,Kechagias,4518
Greece,Pavlou,4517
Greece,Rigas,4514
Greece,Arampatzis,4502
Greece,Kostopoulou,4470
Greece,Lazaridou,4461
Greece,Zervas,4460
Greece,Alexopoulou,4436
Greece,Theodoridou,4436
Greece,Stamatiou,4432
Greece,Asimakopoulos,4381
Greece,Tsakiris,4372
Greece,Apostolopoulou,4348
Greece,Theodosiou,4329
Greece,Mitropoulos,4320
Greece,Paraskevopoulou,4308
Greece,Panagopoulou,4307
Greece,Panou,4282
Greece,Karalis,4277
Greece,Karras,4267
Greece,Pavlidou,4267
Greece,Ali,4264
Greece,Dimitrakopoulos,4264
Greece,Papanastasiou,4261
Greece,Michail,4256
Greece,Adamopoulos,4229
Greece,Michalopoulou,4186
Greece,Rapti,4180
Greece,Papatheodorou,4170
Greece,Deligiannis,4167
Greece,Vasilopoulou,4149
Greece,Iliopoulou,4145
Greece,Panagiotidou,4125
Greece,Markopoulos,4087
Greece,Antoniadou,4077
Greece,Singh,4067
Greece,Kefalas,4066
Greece,Papagiannis,4044
Greece,Kontou,4031
Greece,Zisis,3980
Greece,Stamatopoulos,3977
Greece,Grigoriou,3975
Greece,Theocharis,3960
Greece,Stamou,3935
Greece,Nikou,3934
Greece,Kolovos,3932
Greece,Xanthopoulos,3910
Greece,Theodoropoulou,3884
Greece,Giannoulis,3864
Greece,Angelidis,3851
Greece,Kyritsis,3830
Greece,Diamanti,3806
Greece,Doukas,3805
Greece,Apostolidou,3802
Greece,Paschalidis,3801
Greece,Floros,3792
Greece,Fragkos,3764
Greece,Mavridou,3752
Greece,Paraskevas,3749
Greece,Sideri,3731
Greece,Roussou,3729
Greece,Roumeliotis,3727
Greece,Tsoukalas,3727
Greece,Galani,3711
Greece,Drosos,3700
Greece,Lampropoulou,3697
Greece,Kosmidis,3692
Greece,Loukas,3677
Greece,Alexandris,3670
Greece,Pantazi,3657
Greece,Charalampidou,3654
Greece,Kalyvas,3647
Greece,Sarri,3641
Greece,Argyropoulou,3637
Greece,Papakostas,3637
Greece,Kyriakidou,3633
Greece,Anastasiadou,3620
Greece,Kokkinos,3615
Greece,Stathopoulou,3608
Greece,Anastasopoulou,3598
Greece,Stamoulis,3588
Greece,Arvaniti,3584
Greece,Sotiropoulou,3580
Greece,Ziogas,3563
Greece,Stamatis,3556
Greece,Mouratidis,3553
Greece,Lazarou,3545
Greece,Moustakas,3542
Greece,Diamantopoulou,3531
Greece,Vasilaki,3506
Greece,Dimos,3505
Greece,Papoutsis,3496
Greece,Fragkou,3486
Greece,Chalkias,3485
Greece,Zafeiropoulos,3482
Greece,Manolis,3453
Greece,Kyriakopoulou,3435
Greece,Georgakopoulou,3424
Greece,Lekkas,3411
Greece,Andreadis,3404
Greece,Chronopoulos,3390
Greece,Papantoniou,3377
Greece,Polyzos,3374
Greece,Savvidou,3371
Greece,Petridou,3370
Greece,Liapis,3365
Greece,Papandreou,3361
Greece,Emmanouil,3350
Greece,Marinos,3350
Greece,Bouras,3335
Greece,Emmanouilidis,3335
Greece,Goulas,3332
Greece,Angeli,3330
Greece,Tzimas,3317
Greece,Zacharopoulos,3292
Greece,Nikolakopoulos,3289
Greece,Kalantzis,3281
Greece,Kollia,3280
Greece,Nikas,3266
Greece,Drakopoulos,3262
Greece,Michos,3256
Greece,Vlachopoulos,3244
Greece,Tsekouras,3226
Greece,Daskalaki,3222
Greece,Charalampous,3221
Greece,Apostolakis,3211
Greece,Kalaitzis,3192
Greece,Kalogirou,3187
Greece,Nakos,3180
Greece,Aslanidis,3155
Greece,Fotopoulou,3153
Greece,Stamatakis,3149
Greece,Koulouris,3128
Greece,Liakos,3126
Greece,Konstantopoulou,3122
Greece,Dimitrakopoulou,3120
Greece,Chatzopoulou,3096
Greece,Kosmas,3095
Greece,Eleftheriadou,3092
Greece,Grivas,3091
Greece,Oikonomidis,3088
Greece,Grigoriadou,3078
Greece,Karakostas,3071
Greece,Psarras,3070
Greece,Angelou,3066
Greece,Tsolakis,3066
Greece,Moschos,3065
Greece,Giannakis,3064
Greece,Giannakos,3060
Greece,Chatzidimitriou,3056
Greece,Iosifidis,3056
Greece,Papamichail,3054
Greece,Kanellopoulou,3053
Greece,Dimas,3052
Greece,Zografos,3047
Greece,Kalogeropoulou,3042
Greece,Chatzinikolaou,3038
Greece,Voulgari,3038
Greece,Markakis,3033
Greece,Karagiannidis,3019
Greece,Stamos,3017
Greece,Zafeiris,3014
Greece,Gkika,3000
Greece,Zachos,3000
Greece,Chatziioannou,2998
Greece,Symeonidou,2997
Greece,Stefanidou,2996
Greece,Triantafyllidou,2990
Greece,Kritikou,2976
Greece,Stavridis,2969
Greece,Petraki,2968
Greece,Zafeiriou,2963
Greece,Fotiou,2946
Greece,Dimitropoulou,2944
Greece,Angelakis,2935
Greece,Vlachakis,2932
Greece,Kontogianni,2930
Greece,Chatzidakis,2903
Greece,Iliadou,2902
Greece,Karatzas,2898
Greece,Kechagia,2888
Greece,Efthymiadis,2862
Greece,Vogiatzi,2861
Greece,Katsoulis,2859
Greece,Zerva,2855
Greece,Stamatopoulou,2853
Greece,Fotiadou,2852
Greece,Katsarou,2845
Greece,Rizou,2845
Greece,Christidis,2842
Greece,Kapsalis,2833
Greece,Maragkos,2831
Greece,Drakos,2830
Greece,Thanos,2830
Greece,Karachalios,2827
Greece,Kostakis,2815
Greece,Filippidis,2807
Greece,Makridis,2797
Greece,Sakkas,2796
Greece,Kostas,2795
Greece,Zervos,2792
Greece,Metaxas,2790
Greece,Peppas,2785
Greece,Koutras,2781
Greece,Liakopoulos,2773
Greece,Adam,2770
Greece,Kourtis,2765
Greece,Ivanova,2752
Greece,Kampouris,2752
Greece,Karageorgiou,2752
Greece,Thomas,2748
Greece,Mavroudis,2743
Greece,Chronis,2740
Greece,Manos,2729
Greece,Bellos,2726
Greece,Margariti,2724
Greece,Pagonis,2723
Greece,Christoforidis,2721
Greece,Orfanos,2715
Greece,Paschalis,2711
Greece,Karali,2697
Greece,Ivanov,2694
Greece,Oikonomopoulos,2691
Greece,Asimakopoulou,2677
Greece,Gkoumas,2677
Greece,Pantelidis,2677
Greece,Alexandropoulos,2674
Greece,Riga,2670
Greece,Simos,2660
Greece,Adamidis,2656
Greece,Poulios,2656
Greece,Kefala,2653
Greece,Papastergiou,2646
Greece,Xanthopoulou,2626
Greece,Avramidou,2624
Greece,Sfakianakis,2617
Greece,Maniatis,2613
Greece,Lymperopoulos,2612
Greece,Lappas,2600
Greece,Bakalis,2597
Greece,Zachariadis,2592
Greece,Tatsis,2588
Greece,Kyriazi,2587
Greece,Lagos,2583
Greece,Chousein,2569
Greece,Zacharakis,2562
Greece,Mantas,2560
Greece,Orfanidis,2554
Greece,Muhammad,2552
Greece,Karra,2547
Greece,Sotiriadis,2540
Greece,Spiliopoulos,2535
Greece,Moschou,2532
Greece,Mavromatis,2529
Greece,Kokkinou,2513
Greece,Arampatzi,2512
Greece,Theodorakis,2512
Greece,Chasiotis,2511
Greece,Charalampopoulos,2508
Greece,Deligianni,2508
Greece,Tsakiri,2507
Greece,Kanakis,2506
Greece,Markopoulou,2506
Greece,Kokkalis,2502
Greece,Farmakis,2497
Greece,Chasan,2494
Greece,Tsamis,2483
Greece,Argyris,2481
Greece,Arvanitakis,2469
Greece,Mitropoulou,2466
Greece,Papadatos,2458
Greece,Adamopoulou,2456
Greece,Drosou,2452
Greece,Logothetis,2445
Greece,Kotsis,2443
Greece,Alexakis,2441
Greece,Chouliaras,2438
Greece,Galanopoulos,2436
Greece,Ilias,2433
Greece,Paschalidou,2433
Greece,Karampelas,2428
Greece,Angelidou,2427
Greece,Florou,2426
Greece,Papachristos,2425
Greece,Chalkia,2424
Greece,Alexandridis,2423
Greece,Paterakis,2418
Greece,Liolios,2417
Greece,Terzis,2411
Greece,Chiotis,2406
Greece,Zafeiropoulou,2398
Greece,Karagkounis,2386
Greece,Tsironis,2386
Greece,Fragkoulis,2384
Greece,Theochari,2381
Greece,Tsoukala,2379
Greece,Nika,2377
Greece,Papagianni,2373
Greece,Xenos,2371
Greece,Nanos,2363
Greece,Kalogiannis,2361
Greece,Stathis,2352
Greece,Kalaitzidis,2351
Greece,Stergiopoulos,2345
Greece,Nomikos,2344
Greece,Marinou,2342
Greece,Ahmed,2339
Greece,Karageorgos,2336
Greece,Douka,2335
Greece,Iordanidis,2308
Greece,Pavlopoulos,2307
Greece,Gkogkos,2296
Greece,Stamataki,2296
Greece,Andrikopoulos,2290
Greece,Karavasilis,2281
Greece,Pantazopoulos,2264
Greece,Christakis,2252
Greece,Tsarouchas,2252
Greece,Tzikas,2247
Greece,Gkinis,2236
Turkey,Yılmaz,1109235
Turkey,Kaya,790743
Turkey,Demir,751428
Turkey,Çelik,637902
Turkey,Şahin,636235
Turkey,Yıldız,622287
Turkey,Yıldırım,609239
Turkey,Öztürk,554491
Turkey,Aydın,552074
Turkey,Özdemir,515332
Turkey,Arslan,467981
Turkey,Doğan,446602
Turkey,Kılıç,401026
Turkey,Aslan,344771
Turkey,Çetin,321248
Turkey,Kara,265333
Turkey,Koç,263643
Turkey,Kurt,257520
Turkey,Özkan,237450
Turkey,Acar,232579
Turkey,Polat,231720
Turkey,Şimşek,231173
Turkey,Korkmaz,228139
Turkey,Özcan,227593
Turkey,Erdoğan,223037
Turkey,Çakir,221764
Turkey,Yavuz,217109
Turkey,Can,215134
Turkey,Şen,210019
Turkey,Yalçın,206892
Turkey,Güler,205890
Turkey,Aktaş,202031
Turkey,Güneş,196113
Turkey,Bozkurt,190299
Turkey,Bulut,189411
Turkey,Işık,187734
Turkey,Turan,183506
Turkey,Keskin,182686
Turkey,Avci,181912
Turkey,Ünal,181022
Turkey,Gül,179096
Turkey,Coşkun,178418
Turkey,Özer,177174
Turkey,Kaplan,172777
Turkey,Sari,170360
Turkey,Tekin,160971
Turkey,Taş,160621
Turkey,Yüksel,157379
Turkey,Köse,156279
Turkey,Ateş,154977
Turkey,Aksoy,151685
Turkey,Yiğit,151680
Turkey,Karataş,150964
Turkey,Uzun,149162
Turkey,Ceylan,144289
Turkey,Karaca,143641
Turkey,Çiftçi,143047
Turkey,Çiçek,141569
Turkey,Çoban,140967
Turkey,Çalişkan,140161
Turkey,Yaşar,137919
Turkey,Demirci,136535
Turkey,Bayram,133718
Turkey,Deniz,133573
Turkey,Çakmak,132391
Turkey,Güngör,130128
Turkey,Uçar,128101
Turkey,Erdem,126952
Turkey,Kahraman,124318
Turkey,Uysal,123484
Turkey,Genç,123240
Turkey,Çinar,123229
Turkey,Duman,122602
Turkey,Akın,122024
Turkey,Sönmez,120727
Turkey,Demirel,118420
Turkey,Ay,117039
Turkey,Kilinç,116463
Turkey,Koçak,116032
Turkey,Mutlu,115528
Turkey,Küçük,114140
Turkey,Çetinkaya,114080
Turkey,Yaman,113501
Turkey,Altun,111596
Turkey,Gündüz,111090
Turkey,Gümüş,110961
Turkey,Öz,104900
Turkey,Eren,103389
Turkey,Aydemir,103288
Turkey,Çolak,103210
Turkey,Tunç,103115
Turkey,Karakaya,103093
Turkey,Güven,103027
Turkey,Kartal,102731
Turkey,Gök,101119
Turkey,Karaman,100315
Turkey,Dönmez,100194
Turkey,Erol,98187
Turkey,Aksu,98147
Turkey,Alkan,97222
Turkey,Tosun,96222
Turkey,Özen,95908
Turkey,Türk,95645
Turkey,Balci,94807
Turkey,Sağlam,94351
Turkey,Karakuş,94303
Turkey,Cengiz,93549
Turkey,Çevik,93455
Turkey,Güzel,92664
Turkey,Karabulut,91123
Turkey,Akbaş,90757
Turkey,Keleş,90330
Turkey,Duran,90210
Turkey,Durmuş,90128
Turkey,Ince,89838
Turkey,Baş,87925
Turkey,Eroğlu,86648
Turkey,Akkaya,85994
Turkey,Akbulut,85193
Turkey,Demirtaş,85159
Turkey,Durmaz,84962
Turkey,Akgün,84923
Turkey,Yücel,84395
Turkey,Uslu,84277
Turkey,Dursun,83903
Turkey,Aydoğan,83428
Turkey,Yazici,83224
Turkey,Özçelik,81538
Turkey,Er,81491
Turkey,Çelebi,81472
Turkey,Koca,79846
Turkey,Karagöz,79694
Turkey,Ünlü,79374
Turkey,Ekinci,79149
Turkey,Karakaş,78647
Turkey,Gürbüz,78607
Turkey,Toprak,77850
Turkey,Akgül,77304
Turkey,Türkmen,77013
Turkey,Topal,76904
Turkey,Dinç,76087
Turkey,Gültekin,75873
Turkey,Dağ,75761
Turkey,Topçu,75522
Turkey,Sarıkaya,74583
Turkey,Şentürk,74164
Turkey,Vural,73974
Turkey,Zengin,73021
Turkey,Özmen,72812
Turkey,Ergün,72279
Turkey,Şeker,72026
Turkey,Gündoğdu,71983
Turkey,Bilgin,71411
Turkey,Ilhan,71028
Turkey,Bal,70989
Turkey,Gökçe,70640
Turkey,Fidan,70588
Turkey,Sezer,70564
Turkey,Güney,70020
Turkey,Albayrak,69936
Turkey,Güner,69566
Turkey,Bektaş,69532
Turkey,Akyol,69373
Turkey,Oğuz,68495
Turkey,Inan,67803
Turkey,Karadağ,67508
Turkey,Bayrak,67468
Turkey,Turgut,67364
Turkey,Orhan,66999
Turkey,Akar,66955
Turkey,Aydoğdu,66591
Turkey,Taşkın,66341
Turkey,Kalkan,65811
Turkey,Özel,65336
Turkey,Ak,65190
Turkey,Ercan,64340
Turkey,Akyüz,63279
Turkey,Ipek,62944
Turkey,Uğur,62902
Turkey,Esen,61600
Turkey,Akkuş,61530
Turkey,Günay,61472
Turkey,Bayraktar,61303
Turkey,Taşdemir,61185
Turkey,Budak,60100
Turkey,Akpınar,59854
Turkey,Açıkgöz,59227
Turkey,Aygün,59026
Turkey,Özbek,58787
Turkey,Öner,58756
Turkey,Temel,58413
Turkey,Ersoy,58221
Turkey,Ayhan,57776
Turkey,Efe,57733
Turkey,Çam,57389
Turkey,Ari,57202
Turkey,Şener,56512
Turkey,Sevinç,56312
Turkey,Çağlar,56246
Turkey,Ergin,56085
Turkey,Tuncer,56061
Turkey,Ertürk,55043
Turkey,Baran,54443
Turkey,Sert,54249
Turkey,Akdemir,53772
Turkey,Ayaz,53746
Turkey,Gür,53607
Turkey,Koyuncu,53599
Turkey,Akçay,53480
Turkey,Kaçar,53431
Turkey,Aras,53363
Turkey,Altıntaş,52939
Turkey,Akça,52870
Turkey,Başaran,52751
Turkey,Karakoç,52720
Turkey,Tan,52410
Turkey,Şengül,52187
Turkey,Gezer,51943
Turkey,Akdağ,51917
Turkey,Karadeniz,51905
Turkey,Atalay,51822
Turkey,Bakir,51685
Turkey,Altin,51325
Turkey,Çimen,51190
Turkey,Biçer,50511
Turkey,Karahan,50401
Turkey,Akman,50370
Turkey,Akdeniz,49911
Turkey,Turhan,49824
Turkey,Dündar,49766
Turkey,Gün,49523
Turkey,Oruç,49510
Turkey,Sezgin,49394
Turkey,Mert,49294
Turkey,Kandemir,49164
Turkey,Kuş,49012
Turkey,Bingöl,48927
Turkey,Usta,48900
Turkey,Bolat,48675
Turkey,Bülbül,48420
Turkey,Taşçi,48320
Turkey,Yüce,47589
Turkey,Pehlivan,47462
Turkey,Fırat,47396
Turkey,Tuna,47369
Turkey,Önal,47327
Turkey,Çakar,47120
Turkey,Metin,46786
Turkey,Dinçer,46671
Turkey,Yeşil,46542
Turkey,Savaş,46391
Turkey,Uyar,46262
Turkey,Altuntaş,46223
Turkey,Ekici,46194
Turkey,Arıkan,46155
Turkey,Atmaca,46109
Turkey,Akdoğan,46034
Turkey,Altay,45956
Turkey,Sevim,45848
Turkey,Erkan,45792
Turkey,Kutlu,45259
Turkey,Doğru,45228
Turkey,Yalçınkaya,45150
Turkey,Özkaya,45032
Turkey,Önder,44590
Turkey,Demirbaş,43960
Turkey,Öksüz,43920
Turkey,Ataş,43888
Turkey,Boz,43501
Turkey,Durak,43396
Turkey,Eser,43318
Turkey,Eker,43213
Turkey,Kuru,43120
Turkey,Oral,42965
Turkey,Varol,42730
Turkey,Demircan,42273
Turkey,Parlak,42126
Turkey,Ölmez,41852
Turkey,Gedik,41365
Turkey,Güçlü,41344
Turkey,Köksal,41177
Turkey,Akay,41088
Turkey,Adıgüzel,40915
Turkey,Türkoğlu,40911
Turkey,Göktaş,40853
Turkey,Soylu,40762
Turkey,Ertaş,40706
Turkey,Özden,40664
Turkey,Şenol,40525
Turkey,Şanli,40299
Turkey,Güleç,39992
Turkey,Ünsal,39503
Turkey,Uğurlu,39480
Turkey,Torun,39315
Turkey,Gürsoy,39213
Turkey,Bilgiç,38785
Turkey,Akinci,38675
Turkey,Ergül,38515
Turkey,Şahan,38511
Turkey,Köroğlu,38344
Turkey,Mercan,38341
Turkey,Türker,37932
Turkey,Ayyildiz,37474
Turkey,Engin,37467
Turkey,Alp,37296
Turkey,Tanriverdi,37213
Turkey,Solmaz,37175
Turkey,Dağli,37155
Turkey,Değirmenci,36632
Turkey,Saraç,36399
Turkey,Bağci,36336
Turkey,Yavaş,36221
Turkey,Avşar,36206
Turkey,Elmas,36191
Turkey,Alan,36117
Turkey,Keser,35780
Turkey,Dal,35502
Turkey,Memiş,35301
Turkey,Solak,35208
Turkey,Üstün,35126
Turkey,Deveci,35106
Turkey,Aktürk,35080
Turkey,Ocak,35008
Turkey,Kavak,34961
Turkey,Aytekin,34867
Turkey,Özsoy,34797
Turkey,Özgür,34675
Turkey,Bayar,34387
Turkey,Gülmez,34377
Turkey,Uygun,34319
Turkey,Karaduman,34284
Turkey,Baysal,34126
Turkey,Gökmen,34038
Turkey,Eryılmaz,33494
Turkey,Kocaman,33429
Turkey,Pala,33342
Turkey,Karaaslan,33243
Turkey,Özbay,33225
Turkey,Tetik,33187
Turkey,Erden,33166
Turkey,Yanik,32932
Turkey,Temiz,32834
Turkey,Selçuk,32700
Turkey,Inci,32679
Turkey,Günaydın,32572
Turkey,Okur,32494
Turkey,Ulusoy,32482
Turkey,Ceyhan,32249
Turkey,Atik,32205
Turkey,Arik,32011
Turkey,Uyanık,32007
Turkey,Gürel,32000
Turkey,Peker,31978
Turkey,Atay,31876
Turkey,Sayın,31824
Turkey,Karabacak,31689
Turkey,Öcal,31499
Turkey,Yeşilyurt,31438
Turkey,Köseoğlu,31433
Turkey,Şirin,31408
Turkey,Çağlayan,31390
Turkey,Sever,31162
Turkey,Taşkıran,31045
Turkey,Dede,30856
Turkey,Ayan,30807
Turkey,Yağci,30763
Turkey,Çavdar,30483
Turkey,Ok,30355
Turkey,Salman,30275
Turkey,Tezcan,30154
Turkey,Girgin,30070
Turkey,Akan,29993
Turkey,Koçyiğit,29918
Turkey,Kaçmaz,29770
Turkey,Gencer,29709
Turkey,Olgun,29697
Turkey,Akyildiz,29638
Turkey,Çalik,29638
Turkey,Tatar,29411
Turkey,Kuzu,29387
Turkey,Demirhan,29380
Turkey,Tok,29378
Turkey,Kızılkaya,29360
Turkey,Filiz,29255
Turkey,Oktay,29102
Turkey,Ülker,29026
Turkey,Kurnaz,28902
Turkey,Bilen,28900
Turkey,Candan,28874
Turkey,Tarhan,28831
Turkey,Inal,28738
Turkey,Arici,28586
Turkey,Akbaba,28436
Turkey,Başar,28430
Turkey,Taştan,28345
Turkey,Kalayci,28333
Turkey,Topuz,28170
Turkey,Özdoğan,28149
Turkey,Uludağ,27839
Turkey,Poyraz,27694
Turkey,Ünver,27687
Turkey,Okumuş,27674
Turkey,Karadaş,27669
Turkey,Kaymaz,27607
Turkey,Karademir,27569
Turkey,Şenel,27430
Turkey,Seven,27322
Turkey,Sağır,27277
Turkey,Tuncel,27270
Turkey,Zorlu,27231
Turkey,Teke,27115
Turkey,Çifçi,27027
Turkey,Korkut,26952
Turkey,Karakurt,26931
Turkey,Çavuş,26874
Turkey,Çil,26786
Turkey,Subaşi,26747
Turkey,Atli,26711
Turkey,Tiryaki,26678
Turkey,Zeybek,26578
Turkey,Tepe,26445
Turkey,Irmak,26440
Turkey,Akcan,26415
Turkey,Top,26380
Turkey,Yakut,26138
Turkey,Söylemez,26105
Turkey,Kocabaş,25885
Turkey,Kök,25854
Turkey,Altan,25789
Turkey,Bilir,25646
Turkey,Bozdağ,25612
Turkey,Berber,25548
Turkey,Düzgün,25524
Turkey,Ata,25397
Turkey,Özgül,25385
Turkey,Balta,25381
Turkey,Pınar,25302
Turkey,Ulu,25302
Turkey,Mete,25187
Turkey,Atak,25148
Turkey,Kizil,25144
Turkey,Karasu,25074
Turkey,Dikmen,25043
Turkey,Yayla,24974
Turkey,Tatli,24898
Turkey,Kaymak,24887
Turkey,Özalp,24885
Turkey,Terzi,24858
Turkey,Kaynak,24822
Turkey,Kır,24783
Turkey,Topaloğlu,24669
Turkey,Demirkol,24610
Turkey,Yorulmaz,24545
Turkey,Yolcu,24529
Turkey,Bostanci,24424
Turkey,Başer,24314
Turkey,Göksu,24311
Turkey,Göçer,24297
Turkey,Soysal,24276
Turkey,Çankaya,24186
Turkey,Çetiner,24127
Turkey,Ergen,24078
Turkey,Gündoğan,23962
Turkey,Erdal,23950
Turkey,Koyun,23833
Turkey,Apaydın,23725
Turkey,Yener,23672
Turkey,Dilek,23652
Turkey,Kayhan,23640
Turkey,Adıyaman,23552
Turkey,Özbey,23413
Turkey,Bilici,23262
Turkey,Yağmur,23221
Turkey,Öztaş,23187
Turkey,Şakar,23187
Turkey,Bodur,23165
Turkey,Akkurt,23079
Turkey,Meral,23065
Turkey,Aşık,23059
Turkey,Çay,23028
Turkey,Balaban,23021
Turkey,Vatansever,23015
Turkey,Kiran,22997
Turkey,Aldemir,22966
Turkey,Koçer,22938
Turkey,Kul,22911
Turkey,Barut,22878
Turkey,Bayir,22861
Turkey,Canpolat,22813
Turkey,Çakici,22809
Turkey,Kanat,22502
Turkey,Atasoy,22410
Turkey,Cesur,22374
Turkey,Cebeci,22332
Turkey,Sarıoğlu,22311
Turkey,Özyurt,22258
Turkey,Alagöz,22255
Turkey,Işler,22074
Turkey,Sümer,22074
Turkey,Serin,22045
Russia,Ivanov,927695
Russia,Ivanov,881461
Russia,Kuznetsov,454051
Russia,Kuznetsov,436730
Russia,Petrov,429896
Russia,Smirnov,428055
Russia,Magomedov,385086
Russia,Petrov,383208
Russia,Smirnov,366247
Russia,Popov,365925
Russia,Popov,365778
Russia,Volkov,303909
Russia,Novikov,257629
Russia,Morozov,240256
Russia,Sokolov,230120
Russia,Pavlov,223226
Russia,Romanov,221963
Russia,Volkov,219101
Russia,Shevchenko,218170
Russia,Andreev,215723
Russia,Vasilev,211487
Russia,Vasilev,209526
Russia,Mikhaylov,209420
Russia,Novikov,205699
Russia,Makarov,205048
Russia,Morozov,194993
Russia,Sergeev,188877
Russia,Pavlov,188495
Russia,Zaytsev,187519
Russia,Sokolov,186252
Russia,Aliev,182109
Russia,Mikhaylov,181262
Russia,Nikolaev,179334
Russia,Romanov,179055
Russia,Zakharov,178591
Russia,Makarov,177125
Russia,Stepanov,176194
Russia,Lebedev,173529
Russia,Kozlov,173081
Russia,Nikitin,172419
Russia,Egorov,171174
Russia,Egorov,168709
Russia,Kozlov,165374
Russia,Nikolaev,163507
Russia,Stepanov,161534
Russia,Andreev,159923
Russia,Yakovlev,156775
Russia,Zakharov,155349
Russia,Kovalenko,154502
Russia,Frolov,154073
Russia,Orlov,153333
Russia,Sergeev,149836
Russia,Bondarenko,148553
Russia,Nikitin,145844
Russia,Zaytsev,144972
Russia,Medvedev,143321
Russia,Kotov,141895
Russia,Orlov,140463
Russia,Belov,138500
Russia,Kravchenko,138139
Russia,Borisov,137971
Russia,Mironov,137505
Russia,Alekseev,137151
Russia,Frolov,135452
Russia,Kuzmin,134812
Russia,Kuzmin,128246
Russia,Yakovlev,128217
Russia,Magomedov,125039
Russia,Medvedev,124265
Russia,Antonov,123273
Russia,Belov,122693
Russia,Lebedev,122451
Russia,Alekseev,120187
Russia,Dmitriev,119461
Russia,Borisov,119232
Russia,Semenov,116710
Russia,Tarasov,116636
Russia,Melnikov,115591
Russia,Matveev,114864
Russia,Vlasov,113108
Russia,Fedorov,112281
Russia,Polyakov,111164
Russia,Antonov,110247
Russia,Zhukov,109606
Russia,Tkachenko,108924
Russia,Tarasov,107953
Russia,Sidorov,106652
Russia,Ilin,105425
Russia,Filippov,104872
Russia,Kim,104617
Russia,Mironov,103596
Russia,Aleksandrov,103294
Russia,Dmitriev,103248
Russia,Sorokin,103122
Russia,Isaev,102807
Russia,Kolesnikov,102666
Russia,Gusev,102234
Russia,Danilov,102035
Russia,Kotov,101112
Russia,Matveev,99379
Russia,Sorokin,99102
Russia,Sidorov,99006
Russia,Timofeev,98124
Russia,Maksimov,98072
Russia,Bogdanov,98053
Russia,Semenov,97409
Russia,Kazakov,97013
Russia,Fedorov,96745
Russia,Zhukov,95596
Russia,Abramov,94995
Russia,Grigorev,94825
Russia,Melnikov,94632
Russia,Kalinin,94253
Russia,Osipov,94158
Russia,Vasilyev,93411
Russia,Grigorev,93243
Russia,Karpov,92925
Russia,Nazarov,92892
Russia,Akhmedov,92221
Russia,Karpov,92095
Russia,Kulikov,90920
Russia,Goncharov,90299
Russia,Chernov,90273
Russia,Semyonov,89839
Russia,Gusev,89728
Russia,Danilov,88748
Russia,Vlasov,88469
Russia,Fyodorov,88286
Russia,Titov,88022
Russia,Filippov,87802
Russia,Semyonov,87508
Russia,Baranov,87428
Russia,Denisov,87300
Russia,Polyakov,86879
Russia,Davydov,86567
Russia,Isaev,85757
Russia,Fomin,85405
Russia,Boyko,85392
Russia,Kolesnikov,85286
Russia,Fyodorov,84709
Russia,Bogdanov,84428
Russia,Belyaev,84395
Russia,Titov,83417
Russia,Baranov,83169
Russia,Markov,82712
Russia,Timofeev,82573
Russia,Savchenko,82530
Russia,Abramov,81978
Russia,Efimov,81651
Russia,Kulikov,81542
Russia,Maksimov,81407
Russia,Fomin,81251
Russia,Tikhonov,80235
Russia,Ramazanov,80058
Russia,Marchenko,79930
Russia,Osipov,79085
Russia,Ibragimov,78464
Russia,Fedotov,78322
Russia,Kalinin,78321
Russia,Nazarov,78104
Russia,Gadzhiev,77917
Russia,Gavrilov,77915
Russia,Konovalov,77859
Russia,Gavrilov,77850
Russia,Aleksandrov,77740
Russia,Belyaev,77617
Russia,Chernov,77516
Russia,Kovalev,77391
Russia,Sergeevn,76768
Russia,Ermakov,76470
Russia,Gerasimov,76468
Russia,Goncharov,76254
Russia,Vinogradov,75884
Russia,Aliev,75832
Russia,Gorbunov,75567
Russia,Filatov,74982
Russia,Kazakov,74681
Russia,Maltsev,74408
Russia,Chernykh,74370
Russia,Kiselev,73610
Russia,Korolev,73278
Russia,Kurbanov,72269
Russia,Konovalov,70977
Russia,Denisov,70962
Russia,Filatov,70703
Russia,Efimov,69941
Russia,Tikhonov,69891
Russia,Naumov,69550
Russia,Komarov,69255
Russia,Ovchinnikov,69023
Russia,Efremov,68925
Russia,Klimov,68509
Russia,Gerasimov,68152
Russia,Malyshev,67946
Russia,Fedotov,67835
Russia,Markov,66942
Russia,Potapov,66925
Russia,Davydov,66041
Russia,Vasilyev,65447
Russia,Kiselyov,65165
Russia,Anisimov,64607
Russia,Efremov,64235
Russia,Rudenko,64213
Russia,Maslov,64115
Russia,Martynov,64094
Russia,Arkhipov,63856
Russia,Aleksandrovn,63650
Russia,Sidorenko,63621
Russia,Naumov,63574
Russia,Potapov,63434
Russia,Trofimov,63120
Russia,Maltsev,62934
Russia,Golubev,62913
Russia,Nikiforov,62715
Russia,Komarov,62634
Russia,Gorbunov,62501
Russia,Sergeevich,62484
Russia,Petrenko,61831
Russia,Ilin,61818
Russia,Bykov,61546
Russia,Krylov,61290
Russia,Kovalyov,61282
Russia,Knyazev,61276
Russia,Bykov,60890
Russia,Ermakov,60819
Russia,Vinogradov,60596
Russia,Nikiforov,60536
Russia,Lazarev,60490
Russia,Solovyov,60419
Russia,Kudryavtsev,60148
Russia,Ovchinnikov,59809
Russia,Voronin,59805
Russia,Maslov,59776
Russia,Belousov,59665
Russia,Ponomarev,58981
Russia,Martynov,58939
Russia,Rodionov,58455
Russia,Solovyov,58388
Russia,Kuzmenko,57966
Russia,Krasnov,57911
Russia,Lysenko,57629
Russia,Aleksandrovich,57246
Russia,Kazantsev,57169
Russia,Nesterov,57076
Russia,Emelyanov,57047
Russia,Omarov,57017
Russia,Klimenko,56922
Russia,Alexeev,56334
Russia,Trofimov,56246
Russia,Litvinov,56135
Russia,Kovalev,56128
Russia,Kirillov,56093
Russia,Loginov,55926
Russia,Kalashnikov,55871
Russia,Moiseev,55806
Russia,Kovalyov,55751
Russia,Afanasev,55534
Russia,Krylov,55472
Russia,Klimov,55300
Russia,Sobolev,55195
Russia,Tretyakov,55046
Russia,Afanasev,54877
Russia,Plotnikov,54874
Russia,Samoylov,54143
Russia,Vasilenko,54134
Russia,Voronin,53667
Russia,Korolyov,53630
Russia,Vladimirovn,53457
Russia,Savin,53279
Russia,Korolyov,53166
Russia,Solovev,53143
Russia,Golubev,53083
Russia,Leonov,53061
Russia,Malyshev,52746
Russia,Moiseev,52647
Russia,Loginov,52601
Russia,Lazarev,52526
Russia,Romanenko,52236
Russia,Anisimov,52124
Russia,Vladimirovich,51904
Russia,Belousov,51743
Russia,Shcherbakov,51728
Russia,Vorobyov,51674
Russia,Yudin,51590
Russia,Tsvetkov,51469
Russia,Emelyanov,51424
Russia,Rodionov,51253
Russia,Nesterov,51145
Russia,Pavlenko,50897
Russia,Kirillov,50843
Russia,Grishin,50731
Russia,Li,50723
Russia,Ushakov,50718
Russia,Ibragimov,50639
Russia,Karpenko,50557
Russia,Knyazev,50438
Russia,Kiselyov,50369
Russia,Shcherbakov,50008
Russia,Plotnikov,49771
Russia,Kudryavtsev,49288
Russia,Simonov,49215
Russia,Savelev,49188
Russia,Yusupov,49095
Russia,Mamedov,48695
Russia,Vesnin,48621
Russia,Kiselev,48475
Russia,Arkhipov,48473
Russia,Ershov,48451
Russia,Nekrasov,48436
Russia,Kalashnikov,48366
Russia,Evdokimov,48322
Russia,Karimov,48199
Russia,Karimov,48174
Russia,Gordeev,48112
Russia,Suleymanov,47964
Russia,Ryabov,47869
Russia,Mikheev,47862
Russia,Gromov,47437
Russia,Ismailov,47269
Russia,Krasnov,46743
Russia,Savin,46735
Russia,Zhuravlev,46555
Russia,Simonov,46451
Russia,Melnik,46410
Russia,Panov,46394
Russia,Demidov,46346
Russia,Shishkin,46303
Russia,Vorobyov,46142
Russia,Vasenkov,46101
Russia,Nikulin,46053
Russia,Gromov,46007
Russia,Levchenko,45931
Russia,Abdullaev,45654
Russia,Yudin,45623
Russia,Safronov,45612
Russia,Zhdanov,45594
Russia,Borodin,45543
Russia,Evdokimov,45506
Russia,Sobolev,45245
Russia,Leonov,45079
Russia,Kharitonov,44975
Russia,Prokhorov,44956
Russia,Makarenko,44894
Russia,Korolev,44468
Russia,Safonov,44423
Russia,Tokarev,44354
Russia,Kharchenko,44122
Russia,Prokhorov,44099
Russia,Biryukov,44085
Russia,Grishin,44009
Russia,Ushakov,43997
Russia,Avdeev,43993
Russia,Ponomarev,43890
Russia,Mongush,43889
Russia,Zotov,43652
Russia,Lyubimov,43603
Russia,Panov,43543
Russia,Eliseev,43495
Russia,Litvinov,43459
Russia,Zuev,43403
Russia,Miroshnichenko,43369
Russia,Fadeev,43311
Russia,Samoylov,43146
Russia,Solovev,43127
Russia,Kholod,43053
Russia,Fomenko,42692
Russia,Vorobev,42657
Russia,Eliseev,42540
Russia,Gasanov,42441
Russia,Konstantinov,42348
Russia,Fadeev,42327
Russia,Ershov,42260
Russia,Shishkin,42208
Russia,Suvorov,42159
Russia,Tretyakov,42046
Russia,Savelev,42035
Russia,Shestakov,41888
Russia,Lobanov,41857
Russia,Grigoryev,41705
Russia,Yurchenko,41585
Russia,Bondar,41574
Russia,Mikheev,41568
Russia,Miller,41539
Russia,Alexandrov,40994
Russia,Lukyanov,40983
Russia,Kharitonov,40936
Russia,Kostin,40757
Russia,Nikulin,40678
Russia,Tarasenko,40668
Russia,Galkin,40548
Russia,Gordeev,40533
Russia,Musaev,40500
Russia,Saidov,40451
Russia,Kazantsev,40422
Russia,Kovalchuk,40392
Russia,Shestakov,40327
Russia,Ulyanov,40269
Russia,Avdeev,40258
Russia,Biryukov,40201
Russia,Demidov,40146
Russia,Gorshkov,40083
Russia,Agafonov,40067
Russia,Guseynov,40035
Russia,Yusupov,39975
Russia,Nekrasov,39642
Russia,Kostenko,39593
Russia,Larin,39544
Russia,Magomadov,39525
Russia,Lobanov,39457
Russia,Kostin,39449
Russia,Khasanov,39425
Russia,Skvortsov,39236
Russia,Tokarev,39207
Russia,Akimov,39193
Russia,Kirichenko,39183
Russia,Abubakarov,39129
Russia,Nesterenko,39096
Russia,Ponomarenko,38911
Russia,Ryabov,38908
Russia,Kireev,38812
Russia,Sultanov,38762
Russia,Kot,38749
Russia,Kudryashov,38713
Russia,Zhdanov,38660
Russia,Belyakov,38589
Russia,Filimonov,38512
Russia,Bondarev,38464
Russia,Petukhov,38314
Russia,Moroz,38222
Russia,Voronov,37996
Russia,Maximov,37954
Russia,Chernyshov,37867
Russia,Larionov,37836
Russia,Filimonov,37814
Russia,Safronov,37761
Russia,Grigoryan,37563
Russia,Litvinenko,37533
Russia,Shakirov,37310
Russia,Ponomaryov,37276
Russia,Panchenko,37143
Russia,Kozhevnikov,37121
Russia,Akimov,36954
Russia,Dyachenko,36863
Russia,Korotkov,36775
Russia,Vorobev,36771
Russia,Nazarenko,36734
Russia,Safonov,36690
Russia,Koshkin,36656
Russia,Skvortsov,36634
Russia,Kuzin,36510
Russia,Galkin,36432
Russia,Shapovalov,36369
Russia,Zuev,36369
Russia,Prikhodko,36352
Russia,Mikhaylichenko,36220
Russia,Timoshenko,36151
Russia,Rumyantsev,36024
Russia,Kudryashov,36018
Russia,Khasanov,35995
Russia,Ponomaryov,35875
Russia,Demchenko,35823
Russia,Lis,35725
Russia,Zhuravlev,35679
Russia,Suvorov,35665
Russia,Bondarev,35636
Russia,Voronov,35630
Russia,Mayorov,35627
Russia,Andreevn,35610
Russia,Kondratev,35552
Russia,Musatov,35541
Russia,Kireev,35455
Russia,Nikolaevich,35223
Russia,Borodin,35187
Russia,Konstantinov,35179
Russia,Ermolaev,35153
Russia,Vladimirov,34977
Russia,Nikonov,34915
Russia,Vorontsov,34872
Russia,Cherepanov,34724
Russia,Makeev,34665
Russia,Safin,34619
Russia,Bolshakov,34521
Russia,Lukyanov,34499
Russia,Borisenko,34356
Russia,Nechaev,34329
Russia,Kravtsov,34195
Russia,Belyakov,34141
Russia,Ustinov,34102
Russia,Kondratev,34097
Russia,Koval,33814
Russia,Kryukov,33706
Russia,Belyy,33625
Russia,Chernyshov,33625
Russia,Agafonov,33563
Russia,Golovin,33534
Russia,Alexeev,33497
Russia,Samsonov,33431
Russia,Zhuravlyov,33278
Russia,Nechaev,33262
Russia,Mishin,33138
Russia,Petukhov,33078
Russia,Korotkov,33015
Russia,Kravtsov,33008
Russia,Pronin,32993
Russia,Cherkasov,32966
Russia,Radchenko,32913
Russia,Umarov,32883
Russia,Tsvetkov,32812
Russia,Malakhov,32800
Russia,Vlasenko,32772
Russia,Kuzin,32763
Russia,Zverev,32730
Russia,Lukin,32686
Russia,Khokhlov,32668
Russia,Sviridov,32668
Russia,Zakirov,32667
Russia,Mironenko,32652
Russia,Kruglov,32645
Russia,Nosov,32611
Russia,Zimin,32606
Russia,Khokhlov,32508
Russia,Dolgikh,32423
Russia,Bobrov,32240
Russia,Kopylov,32203
Russia,Cherepanov,32078
Russia,Kryukov,32007
Russia,Kulakov,31991
Russia,Kochetkov,31953
Russia,Larionov,31837
Russia,Stepanenko,31833
Russia,Markin,31811
Russia,Tikhomirov,31771
Russia,Spiridonov,31679
Russia,Rybakov,31610
Russia,Isakov,31574
Russia,Abdurakhmanov,31483
Russia,Molchanov,31295
Russia,Golovin,31228
Russia,Larin,31133
Russia,Kadyrov,31070
Russia,Denisenko,31006
Russia,Antipov,31003
Russia,Chistyakov,30941
Russia,Sergienko,30843
Russia,Korneev,30817
Russia,Terekhov,30717
Russia,Mayorov,30703
Russia,Zhuravlyov,30695
Russia,Shakirov,30682
Russia,Akhmetov,30681
Russia,Nosov,30505
Russia,Ignatov,30325
Russia,Drozdov,30316
Russia,Samsonov,30307
Russia,Yakovenko,30304
Russia,Volk,30284
Russia,Valeev,30224
Russia,Sitnikov,30190
Russia,Grigoryev,30137
Russia,Zotov,30137
Russia,Isakov,30112
Russia,Sharipov,30102
Russia,Khachukaev,30074
Russia,Sitkin,30072
Russia,Valiev,30058
Russia,Shevtsov,30013
Russia,Evseev,30000
Russia,Rybakov,29992
Russia,Kulakov,29924
Russia,Gordienko,29892
Russia,Markin,29880
Russia,Mishin,29842
Russia,Fedorenko,29785
Russia,Antipov,29783
Russia,Bazurkaev,29756
Russia,Bunyaev,29752
Russia,Sazonov,29738
Russia,Sukhanov,29728
Russia,Khaytaev,29719
Russia,Zverev,29656
Russia,Rumyantsev,29648
Russia,Sotnikov,29633
Russia,Spiridonov,29592
Russia,Kozhevnikov,29568
Russia,Mitrofanov,29538
Russia,Suleymanov,29528
Russia,Pankratov,29527
Russia,Zakirov,29490
Russia,Chernikov,29479
Russia,Serov,29439
Russia,Zinchenko,29379
Russia,Safin,29344
Russia,Prokopenko,29317
Russia,Kopylov,29245
Russia,Gaytukaev,29240
Russia,Gerasimenko,29227
Russia,Platonov,29226
Russia,Sharipov,29206
Russia,Fateev,29153
Russia,Vladimirov,29151
Russia,Rozhkov,28988
Russia,Viktorovich,28915
Russia,Trifonov,28860
Russia,Pronin,28855
Russia,Dorofeev,28848
Russia,Ermolaev,28725
Russia,Sultanov,28724
Russia,Ignatev,28705
Russia,Pakhomov,28656
Russia,Vorontsov,28650
Russia,Veselov,28645
Russia,Valiev,28619
Russia,Mukhin,28582
Russia,Pankov,28580
Russia,Babenko,28575
Russia,Pak,28565
Russia,Shilov,28516
Russia,Fokin,28441
Russia,Arutyunyan,28426
Russia,Gorshkov,28407
Russia,Sviridov,28397
Russia,Korneev,28394
Russia,Nikolaevn,28394
Russia,Bychkov,28390
Russia,Ignatev,28346
Russia,Mukhin,28338
Russia,Blinov,28296
Russia,Zaripov,28292
Russia,Serov,28272
Russia,Bobrov,28256
Russia,Shilov,28209
Russia,Blinov,28122
Russia,Chistyakov,28103
Russia,Pakhomov,28081
Russia,Sadykov,28081
Russia,Firsov,28061
Russia,Khazhmuradov,28061
Russia,Oleynik,28060
Russia,Tsotsarov,27980
Russia,Ignatov,27961
Russia,Sitnikov,27903
Russia,Dolgov,27901
Russia,Tikhomirov,27884
Russia,Akhmetov,27883
Russia,Malikov,27828
Russia,Korol,27813
Russia,Fokin,27747
Russia,Kornienko,27673
Russia,Zorin,27659
Russia,Kruglov,27633
Russia,Drozdov,27599
Russia,Shvetsov,27599
Russia,Bolshakov,27595
Russia,Lukin,27582
Russia,Nikonov,27495
Russia,Valeev,27326
Russia,Rozhkov,27261
Russia,Sadykov,27132
Russia,Ustinov,27126
Russia,Volodin,27076
Russia,Panin,27028
Russia,Naumenko,27020
Russia,Glukhov,26754
Russia,Lapin,26716
Russia,Trifonov,26694
Russia,Ageev,26669
Russia,Cherkasov,26661
Russia,Shapovalov,26601
Russia,Kolesnik,26548
Russia,Levin,26532
Russia,Russkikh,26500
Russia,Terentev,26435
Russia,Mamedov,26427
Russia,Moskalenko,26414
Russia,Ignatenko,26408
Russia,Evseev,26386
Russia,Pozdnyakov,26312
Russia,Subbotin,26267
Russia,Laptev,26256
Russia,Pankov,26208
Russia,Kochetkov,26151
Russia,Balashov,26144
Russia,Sukhanov,26102
Russia,Uvarov,26058
Russia,Bulatov,26053
Russia,Barinov,25945
Russia,Panin,25939
Russia,Berezin,25937
Russia,Galimov,25911
Russia,Shadrin,25883
Russia,Koshelev,25875
Russia,Fedoseev,25867
Russia,Andreevich,25797
Russia,Kornilov,25765
Russia,Malakhov,25743
Russia,Platonov,25730
Russia,Volodin,25704
Russia,Dyomin,25686
Russia,Chernikov,25677
Russia,Chirkov,25672
Russia,Anikin,25655
Russia,Ivanchenko,25623
Russia,Velichko,25597
Russia,Ilyin,25587
Russia,Dorofeev,25487
Russia,Ulyanov,25474
Russia,Terekhov,25452
Russia,Islamov,25446
Russia,Bazhenov,25389
Russia,Latypov,25360
Russia,Shevtsov,25309
Russia,Scherbakov,25264
Russia,Zubkov,25258
Russia,Salnikov,25252
Russia,Shirokov,25223
Russia,Merkulov,25205
Russia,Zaripov,25187
Russia,Laptev,25119
Russia,Molchanov,25107
Russia,Zorin,25049
Russia,Viktorovn,25005
Russia,Bychkov,24997
Russia,Kononov,24995
Russia,Dolgov,24994
Russia,Shabanov,24952
Russia,Leontev,24913
Russia,Pozdnyakov,24851
Russia,Mitrofanov,24841
Russia,Sazonov,24826
Russia,Vinokurov,24823
Russia,Rodin,24804
Russia,Didenko,24799
Russia,Kononenko,24760
Russia,Shevchuk,24727
Russia,Glukhov,24645
Russia,Yatsenko,24642
Russia,Doroshenko,24636
Russia,Kononov,24516
Russia,Yakimov,24492
Russia,Shvetsov,24436
Russia,Terentev,24420
Russia,Kuleshov,24363
Russia,Selivanov,24313
Russia,Zimin,24313
Russia,Noskov,24296
Russia,Makeev,24276
Russia,Shmidt,24189
Russia,Galimov,24136
Russia,Veselov,24126
Russia,Gulyaev,24125
Russia,Balashov,24089
Russia,Gladkikh,24052
Russia,Ostapenko,24019
Russia,Ageev,24003
Russia,Zykov,23953
Russia,Chirkov,23937
Russia,Zubkov,23924
Russia,Shirokov,23874
Russia,Maximov,23845
Russia,Ovsyannikov,23811
Russia,Petrosyan,23786
Russia,Zavyalov,23776
Russia,Parkhomenko,23773
Russia,Shadrin,23643
Russia,Ovsyannikov,23617
Russia,Orekhov,23567
Russia,Merkulov,23495
Russia,Malkov,23476
Russia,Artemev,23397
Russia,Martynenko,23386
Russia,Dyomin,23382
Russia,Soldatov,23334
Russia,Tsoy,23332
Russia,Salnikov,23321
Russia,Lapshin,23292
Russia,Ryzhov,23276
Russia,Astakhov,23235
Russia,Khayrullin,23187
Russia,Andrianov,23163
Russia,Obukhov,23121
Russia,Pankratov,23101
Russia,Tishchenko,23100
Russia,Belykh,23063
Russia,Eremeev,23021
Russia,Mishchenko,23018
Russia,Bulatov,22992
Russia,Shabanov,22977
Russia,Minaev,22957
Russia,Kozyrev,22887
Russia,Ilinykh,22882
Russia,Shubin,22861
Russia,Noskov,22858
Russia,Ryzhkov,22822
Russia,Usov,22766
Russia,Moiseenko,22751
Russia,Ryzhov,22737
Russia,Subbotin,22712
Russia,Galiev,22703
Russia,Rubtsov,22677
Russia,Starikov,22612
Russia,Kuleshov,22587
Russia,Belikov,22576
Russia,Permyakov,22546
Russia,Soldatov,22526
Russia,Tereshchenko,22525
Russia,Latypov,22501
Russia,Kornilov,22490
Russia,Rogov,22490
Russia,Shvets,22487
Russia,Lavrov,22457
Russia,Akopyan,22424
Russia,Astakhov,22381
Russia,Reshetnikov,22369
Russia,Leontev,22356
Russia,Sharapov,22355
Russia,Solovyev,22326
Russia,Chernyshev,22323
Russia,Vasilchenko,22314
Russia,Vishnevskaya,22263
Russia,Samoylenko,22212
Russia,Yakimov,22212
Russia,Berezin,22211
Russia,Vasin,22211
Russia,Fedoseev,22207
Russia,Sukhov,22201
Russia,Kapustin,22126
Russia,Nikitenko,22109
Russia,Panfilov,22097
Russia,Tyurin,22087
Russia,Afanasyev,22070
Russia,Kabanov,22019
Russia,Rybalko,21981
Russia,Yunusov,21929
Russia,Abdulaev,21904
Russia,Artemev,21884
Russia,Ramazanov,21864
Russia,Kirsanov,21801
Russia,Belaya,21793
Russia,Artamonov,21766
Russia,Gulyaev,21746
Russia,Vinokurov,21740
Russia,Malinin,21713
Russia,Malkov,21691
Russia,Shiryaev,21690
Russia,Vershinin,21593
Russia,Lapin,21589
Russia,Sharov,21578
Russia,Tyurin,21577
Russia,Krasilnikov,21565
Russia,Sharov,21557
Russia,Levin,21481
Russia,Sizov,21450
Russia,Alexandrov,21437
Russia,Kolosov,21432
Russia,Sukhov,21381
Russia,Bocharov,21315
Russia,Ermolenko,21310
Russia,Koshelev,21304
Russia,Rusakov,21302
Russia,Kozyrev,21278
Russia,Reshetnikov,21266
Russia,Kucherenko,21242
Russia,Rodin,21216
Russia,Khabibullin,21198
Russia,Grachev,21197
Russia,Khakimov,21167
Russia,Vasin,21162
Russia,Gavrilenko,21158
Russia,Sedov,21153
Russia,Antonenko,21094
Russia,Afonin,21075
Russia,Bazhenov,21059
Russia,Kapustin,21050
Russia,Shubin,21033
Russia,Rogov,20967
Russia,Nikolaenko,20920
Russia,Khudyakov,20907
Russia,Ivashchenko,20879
Russia,Abdullin,20873
Russia,Bocharov,20842
Russia,Goncharenko,20834
Russia,Oorzhak,20826
Russia,Mitin,20786
Russia,Serebryakov,20782
Russia,Shiryaev,20773
Russia,Ostrovsky,20751
Russia,Petrovich,20732
Russia,Gritsenko,20711
Russia,Korshunov,20704
Russia,Khayrullin,20702
Russia,Lyubimov,20666
Russia,Uvarov,20658
Russia,Shushpan,20652
Russia,Ilchenko,20646
Russia,Starkov,20572
Russia,Gorokhov,20562
Russia,Kulik,20551
Russia,Rubtsov,20544
Russia,Ilyasov,20540
Russia,Suslov,20502
Russia,Kornev,20497
Russia,Ryazanov,20492
Russia,Utkin,20468
Russia,Mikhaylenko,20456
Russia,Maksimenko,20452
Russia,Bespalov,20417
Russia,Belikov,20398
Russia,Firsov,20358
Russia,Rudnev,20344
Russia,Izmaylov,20337
Russia,Rudakov,20333
Russia,Kulagin,20331
Russia,Lavrov,20310
Russia,Efimenko,20276
Russia,Zavyalov,20269
Russia,Usumov,20261
Russia,Selivanov,20232
Russia,Muratov,20191
Russia,Shulga,20187
Russia,Suslov,20186
Russia,Polyanskaya,20180
Russia,Zayka,20172
Russia,Kondratenko,20139
Russia,Sarkisyan,20119
Russia,Lyashenko,20039
Russia,Barinov,20036
Russia,Mustafin,20036
Russia,Vetrov,20029
Russia,Alexandrovn,20006
Russia,Losev,19987
Russia,Mamaev,19960
Russia,Anokhin,19939
Russia,Sharapov,19913
Russia,Kornev,19904
Russia,Prokofev,19898
Russia,Kabanov,19848
Russia,Usmanov,19808
Russia,Rudakov,19756
Russia,Boldyrev,19753
Russia,Ryzhkov,19718
Russia,Rusakov,19708
Russia,Istomin,19688
Russia,Lugovskoy,19681
Russia,Mamaev,19678
Russia,Bulgakov,19672
Russia,Bogomolov,19650
Russia,Ivanenko,19606
Russia,Sedov,19590
Russia,Yunusov,19586
Russia,Gorokhov,19549
Russia,Ryazanov,19547
Russia,Zykov,19531
Russia,Sysoev,19529
Russia,Artamonov,19518
Russia,Vershinin,19516
Russia,Seleznev,19496
Russia,Golovko,19478
Russia,Khakimov,19470
Russia,Dementev,19439
Russia,Kalugin,19438
Russia,Savelyev,19422
Russia,Zubov,19399
Russia,Kolosov,19378
Russia,Eryomenko,19356
Russia,Vakhrushev,19355
Russia,Matvienko,19352
Russia,Korchagin,19312
Russia,Zlobin,19311
Russia,Shpak,19271
Russia,Sysoev,19259
Russia,Erokhin,19255
Russia,Omelchenko,19248
Russia,Galiev,19241
Russia,Kovtun,19213
Russia,Sabirov,19208
Russia,Permyakov,19207
Russia,Sizov,19207
Russia,Sotnikov,19189
Russia,Muratov,19180
Russia,Chernyshev,19178
Russia,Agapov,19177
Russia,Vetrov,19176
Russia,Komissarov,19146
Russia,Loshakov,19138
Russia,Lutsenko,19113
Russia,Eremeev,19104
Russia,Obukhov,19012
Russia,Popkov,19004
Russia,Zubov,18995
Russia,Garaev,18989
Russia,Korshunov,18979
Russia,Sinitsyn,18971
Russia,Starikov,18942
Russia,Sukharev,18935
Russia,Milaya,18896
Russia,Afanasyev,18880
Russia,Babaev,18865
Russia,Eryomin,18860
Russia,Bashtaev,18820
Russia,Solnyshko,18810